content,title,url,description
"The motivations behind capturing videos of children in a home or naturalistic setting, particularly for clinical assessment or diagnosis, include understanding the early signs and symptoms of autism during the first two years of life. Research suggests that impaired interaction between infants who become autistic and their parents may be an essential factor in the development of autism, with motherese (the unique way mothers speak to their babies) being a critical aspect of this interaction.

A developmental hypothesis proposes that motherese impoverishment during parent-infant interactions could be a co-factor in the onset of autism. To test this hypothesis, researchers developed a computerized algorithm capable of detecting motherese in home videos by automatically analyzing sound signals and prosodic characteristics to determine whether motherese is being produced.

The study highlights the importance of early detection and intervention in autism, suggesting that capturing videos of children in their naturalistic setting can provide valuable insights into their development. The researchers also propose possible applications outside the field of autism, such as using the algorithm to improve responsiveness and learning in developmentally disabled children or training professionals working with infants and young children.

Parent-captured videos are utilized by clinicians or healthcare providers to support diagnosis, treatment planning, or clinical decision-making through the analysis of parent-infant interactions, specifically the presence or absence of motherese. Motherese has been shown to be essential for infant cognitive development and social interaction.

The computerized home video detection method described in the study allows clinicians to automatically analyze videos of parent-infant interactions and identify instances of motherese, which can help diagnose autism spectrum disorder (ASD) earlier in life. The algorithm's accuracy in detecting motherese was found to be 82% on speaker-independent sequences and 87.5% on speaker-dependent sequences.

The use of this technology has several potential applications outside the field of autism, including training nurses, teachers, or other professionals working with infants to improve their communication skills and promote healthy parent-infant interactions. This can be particularly beneficial for children with developmental disabilities or those at risk of developing ASD.

Moreover, the study suggests that motherese impoverishment during parent-infant interactions may be a co-factor in the development of autism, highlighting the importance of early detection and intervention strategies. By analyzing parent-captured videos using this computerized algorithm, clinicians can gain valuable insights into the quality of parent-infant interactions and develop targeted interventions to support families at risk.

The effectiveness of this approach is supported by previous research demonstrating that motherese improves responsiveness and learning in developmentally disabled children (Santarcangelo and Dyer, 1988). The study's findings provide evidence for the potential benefits of using computerized home video detection for motherese in clinical settings, underscoring its value as a tool for supporting diagnosis, treatment planning, and clinical decision-making.

However, several challenges, barriers, or limitations were reported regarding the use of parent-captured videos in clinical practice. These include technical concerns such as the need for high-quality video and audio recordings, and the difficulty of annotating large datasets by human reviewers. Ethical considerations also arise from the potential invasion of privacy when analyzing personal family interactions.

The study discusses the impact of parent-captured videos on communication or collaboration between parents and clinicians, specifically in relation to the diagnostic process for autism. The researchers developed a computerized algorithm to detect ""motherese,"" a type of speech that is typically used by mothers when interacting with their infants, which has been shown to be impoverished in children who later develop autism.

The study suggests that motherese impoverishment may be a co-factor in the development of autism, and that analyzing parent-infant interactions through home videos could provide valuable information for clinicians. The algorithm was trained on a single high-quality video of an infant who later developed autism, and achieved an accuracy rate of 82% when detecting motherese in speaker-independent sequences.

The study's findings have implications for the diagnostic process, as they suggest that analyzing parent-infant interactions through home videos could provide valuable information for clinicians. This could potentially lead to earlier diagnosis and intervention for children at risk of developing autism. Additionally, the algorithm may be useful for training professionals working with infants and young children, such as nurses and teachers, to recognize and respond to motherese in a way that promotes healthy communication and development.

The study's focus on the first two years of life is particularly relevant, as it highlights the importance of early detection and intervention in autism. By analyzing parent-captured videos using this computerized algorithm, clinicians can gain valuable insights into the quality of parent-infant interactions and develop targeted interventions to support families at risk.

The study involves co-design and participatory research processes in designing tools or workflows for capturing and using parent videos. This is evident from the mention of analyzing home videos from the Pisa database, which suggests collaboration with other researchers who have collected data on parent-infant interactions.

Furthermore, the study proposes using computerized home video detection for motherese as a tool for nurses, teachers, or other professionals working in the field of infant mental health. This suggests that the researchers are engaging with stakeholders from various fields to design tools that can be useful in their work.

The development of an interactive vicious circle and the use of biofeedback training using a screen warning for motherese production also indicate co-design processes where researchers are collaborating with professionals to develop effective interventions.

Overall, the study's emphasis on co-design, participatory research, and stakeholder engagement processes is evident from its focus on analyzing home videos from different groups and developing tools that can be used by various professionals working in the field of infant mental health.

The study provides several conclusions, best practices, and recommendations for future research or clinical implementation involving parent-captured videos. Firstly, it highlights the potential of computerized home video detection for motherese in studying impaired interaction between infants who become autistic and their parents. The algorithm developed by the researchers achieved high accuracy rates (82% on speaker-independent and 87.5% on speaker-dependent) in extracting motherese from home video sequences.

The study suggests that this technology can be used to test the hypothesis that motherese impoverishment during parent-infant interactions may contribute to the onset of autism. The algorithm's ability to automatically analyze sound signals, prosodic characteristics, and main speakers makes it a valuable tool for identifying instances of motherese in large datasets, which would otherwise be time-consuming and labor-intensive for human review.

In terms of clinical implementation, the study recommends using this technology as a biofeedback tool to train parents or caregivers on producing more effective motherese. This could potentially improve responsiveness and learning in developmentally disabled children, not just those with autism. The researchers also suggest that this technology could be useful outside the field of autism, for example, in training nurses, teachers, or other professionals working in infant mental health.

Furthermore, the study highlights the potential of using parent-captured videos as a valuable resource for research on early signs of autism and developmental disorders. By analyzing these videos, researchers can gain insights into the early interactions between infants and their parents, which may provide clues about the underlying causes of autism and other developmental disorders.

Overall, the study provides a promising approach to studying impaired interaction in autism using computerized home video detection for motherese, with potential applications in both research and clinical settings.",Computerized home video detection for motherese may help to study impaired interaction between infants who become autistic and their parents,352022be0001180116c8a2da50ce5607,"Autism is a well‐deﬁned clinical syndrome after the second year of life, but in- formation on autism in the ﬁrst two years of life is still lacking. The study of home videos has described children with autism during the ﬁrst year of life as not displaying the rigid pattern typical of later symptoms. Therefore, developmental/ environmental factors are claimed in addition to genetic/biological ones to explain the onset of autism during maturation. Here we describe (1) a developmental hypothesis focusing on the possible implication of motherese impoverishment during the course of parent–infant interactions as a possible co‐factor; (2) the methodological approach we used to develop a computerized algorithm to detect motherese in home videos; (3) the best conﬁguration performance of the detector in extracting motherese from home video sequences (accuracy=82% on speaker‐ independent versus 87.5% on speaker‐dependent) that we should use to test this hypothesis. Copyright © 2011 John Wiley & Sons, Ltd."
"The motivations behind capturing videos of children in home or naturalistic settings for clinical assessment or diagnosis are multifaceted. Primarily, they stem from the desire to provide researchers with valuable data on early developmental periods. By recording their infants' daily activities, such as playing and interacting with caregivers, parents can contribute significantly to research efforts aimed at understanding infant development.

This approach is particularly beneficial in autism research, allowing researchers to access children who may not otherwise be studied due to various factors. The use of retrospective video analysis enables researchers to examine early periods of development, which are critical in identifying potential signs or indicators of developmental disorders like Autism Spectrum Disorder (ASD).

Parent-captured videos have become a valuable tool for clinicians and researchers alike, providing insights into infant behavior and development. These videos allow researchers to assess motor engagement, posture, affect, interest, attention, and variety of play, among other aspects of infant development.

The Infant Motor Engagement Scale (IMES) is a reliable tool used in this study to evaluate and code the videos. The scale's content validity was established through prior research and pilot testing, demonstrating its relevance and comprehensibility in assessing infant motor development.

Retrospective video analysis has been employed as a viable option for assessing early periods of development in autism research. This method allows researchers to access children who may not otherwise be studied, providing valuable insights into the early signs and symptoms of ASD.

The use of parent-captured videos also enables clinicians to make more informed decisions about diagnosis and treatment planning. By analyzing these videos, healthcare providers can identify potential red flags for ASD, such as delayed motor development or unusual behaviors, which can inform their diagnostic assessments.

However, the study highlights several challenges associated with using parent-captured videos in clinical practice. Technical concerns, including variability in video quality, content, and duration, can impact data analysis and interpretation. Additionally, there are ethical considerations, including the reliance on parental reporting for diagnosis and history, which may not be accurate or comprehensive.

The small sample size of this pilot study limits its generalizability to a broader population. The reliance on family-provided videos introduces variability in age and outcome reporting. Moreover, the lack of confirmation by testing or further investigation of reported outcomes may lead to inaccuracies in diagnosis and analysis.

Despite these limitations, the study demonstrates the potential of parent-captured videos as a valuable tool for assessing early developmental periods and identifying potential signs of ASD. The use of retrospective video analysis allows researchers to access children who may not otherwise be studied, providing a unique opportunity for examining early developmental periods.

The study's findings suggest that parent-captured videos can be a viable option for assessing infant development, particularly in cases where children may not have access to traditional assessment methods. However, clinicians should be aware of the potential limitations of these videos and take steps to ensure they are used in conjunction with other assessment tools.

In terms of clinical implementation, the study's results highlight the importance of verifying diagnoses through testing in future studies. The use of imputed values for missing data may have led to an underestimation of group differences, suggesting that researchers should strive to collect complete data sets or explore alternative methods for handling missing data.

The study also emphasizes the need for more rigorous procedures to ensure inter-rater reliability when using retrospective video analysis. Future researchers should consider implementing more robust training protocols for coders and using multiple raters to increase accuracy.

Overall, this pilot study demonstrates the potential of parent-captured videos as a valuable tool for assessing early developmental periods and identifying potential signs of ASD. Further research is needed to confirm these findings and explore the use of this method in larger studies or clinical settings.",Early indicators of autism in infants- Development of the IMES screening tool.,52ac4a5c2a3853090334c4b8db9a6694,"Keywords autism, engagement, evaluation, pediatrics, play"
"The motivations behind capturing videos of children in a home setting, particularly for clinical assessment and diagnosis, include enhancing the validity of parent report and providing an objective method for collecting information on early development. Researchers acknowledge that parent report can be influenced by biases such as recording biases, where parents tend to film positive behaviors, which may not accurately reflect the child's developmental trajectory. To address this issue, the study suggests utilizing video ""standards"" that provide parents with examples of typical and atypical behaviors to improve the validity of parent report.

Parent-captured videos are utilized by clinicians or healthcare providers to support diagnosis, treatment planning, or clinical decision-making through the analysis of early social-communication behaviors in children. This approach is considered more objective than parent report for collecting information about early development and can help identify potential biases in recording, such as a tendency to film positive behaviors. By examining the correspondence between parent report and video analysis, researchers have found poor agreement between methods, with less than half of classifications derived from the ADI-R supported by trajectories identified through latent class analysis of home video.

To improve the validity of onset categorizations, clinicians or healthcare providers may ask parents to review baby books and home video prior to interviews, structure questions about early social development on interviews and questionnaires to provide explicit examples of typical and atypical behaviors, or use video ""standards"" that provide parents with examples of these behaviors. The analysis of serial video can document the presence of key social-communicative behaviors, such as eye contact and social smiling, early in life and then demonstrate a decline in frequency over time, indicating a regression.

The effectiveness of parent-captured videos in supporting diagnosis, treatment planning, or clinical decision-making is supported by evidence that suggests they can provide more objective information about early development than parent report. The use of video analysis has been shown to be a labor-intensive but critical procedure for collecting information about early development, and its correspondence with parent report can help improve the validity of onset categorizations.

The challenges and limitations of using parent-captured videos in clinical practice are multifaceted. One major concern is the potential for recording biases, where parents tend to film positive behaviors rather than negative ones, which can lead to an inaccurate representation of the child's development. This bias can be particularly problematic when examining social-communication behaviors, as parents may focus on capturing happy moments rather than documenting declines in skills.

Another limitation is the poor agreement between parent report and video analysis, even when using the same coding system. In one study, concordance between video and parent report was much higher for language loss (85%) than non-language loss (49%), suggesting that parents may be more accurate at reporting changes in verbal abilities but less so in social and communication skills.

Furthermore, there is a risk of inconsistent findings when relying solely on parent report. In cases where parents reported no loss in non-language areas, video analysis often revealed significant declines in behaviors like social gaze and social initiations. This discrepancy highlights the importance of using multiple methods to validate parent report, such as reviewing baby books and home videos prior to interviews.

Additionally, the use of video ""standards"" that provide parents with examples of typical and atypical behaviors may improve the validity of parent report, but this approach requires further exploration. The labor-intensive nature of video analysis also poses a challenge, making it essential to understand the correspondence between video and parent report methods.

Lastly, procedural differences may account for discrepancies in findings across studies, emphasizing the need for standardization and consistency in data collection and coding procedures when using parent-captured videos in clinical practice.

The impact of parent-captured videos on communication or collaboration between parents and clinicians, particularly in the diagnostic or care process for children with autism spectrum disorders (ASD), is examined through the study's analysis of home movies. The research reveals poor correspondence between onset classifications made by parent report and trajectory analysis of home videos, indicating that relying solely on parental reports may not accurately reflect a child's developmental trajectory.

Parent-captured videos provide an objective and more labor-intensive method for collecting information about early development, which is critical in the diagnostic process. However, the study highlights potential recording biases, such as parents tending to film positive behaviors, which can influence the accuracy of video analysis. Despite these limitations, the study demonstrates that parent-captured videos can be a valuable tool in collaboration between parents and clinicians.

The findings suggest that there may be discrepancies between parental reports and video evidence of developmental changes in children with ASD. For instance, while some parents reported no loss in non-language areas, video analysis revealed significant declines in social behaviors such as social gaze and initiations. This discrepancy is consistent with previous studies demonstrating that many children with parent-reported early onset autism showed significant declines in social behaviors on video.

The study's results have implications for the diagnostic process, highlighting the importance of considering multiple sources of information when assessing a child's developmental trajectory. Parent-captured videos can provide an objective and more accurate representation of a child's development, which can inform clinical decisions and improve collaboration between parents and clinicians. By integrating video analysis into the diagnostic process, clinicians may be able to better identify early signs of ASD and develop more effective treatment plans.

Furthermore, the study's findings suggest that there is a need for increased awareness among parents about the importance of documenting their child's development through video recordings. This can help ensure that accurate information is available for clinical assessments and improve communication between parents and clinicians. By leveraging parent-captured videos as a valuable resource in the diagnostic process, clinicians may be able to provide more effective support and care for children with ASD and their families.

The design recommendations and user-centered features mentioned in the study to facilitate easier or more effective video capture and sharing by parents include providing parents with examples of typical and atypical behaviors through video ""standards"" to improve the validity of parent report. This approach aims to help parents better identify and describe their child's social-communication behaviors, which can be a challenging task for them. Additionally, structuring questions on interviews and questionnaires to provide explicit examples of the kinds of behaviors that may be intact early in the lives of children with autism can also facilitate more accurate reporting by parents.

Parents were asked to review baby books and home video prior to interviews, structure questions about early social development to provide explicit examples of behaviors, and explore the use of video ""standards"" that provide parents with examples of typical and atypical behaviors. These approaches suggest a collaborative effort between researchers and parents to design tools and workflows that effectively utilize parent videos in capturing and analyzing developmental data.

The study provides several conclusions, best practices, and recommendations for future research or clinical implementation involving parent-captured videos. Firstly, the study highlights the importance of understanding the correspondence between parent report and video analysis methods for collecting information about early development in children with autism spectrum disorders (ASD). The findings suggest that there is poor agreement between these two methods, which may be due to recording biases such as parents tending to film positive behaviors.

To improve the validity of onset categorizations, researchers might consider asking parents to review baby books and home video prior to interviews. Additionally, questions about early social development on interviews and questionnaires could be structured so that they provide more explicit examples of the kinds of behaviors that may be intact early in the lives of children with autism.

The study also suggests that using video ""standards"" that provide parents with examples of typical and atypical behaviors can improve the validity of parent report. Furthermore, the findings indicate that there is a need to examine individual concordance between parent report and home video, rather than just group level correspondence, as this may provide more accurate information about early development in children with ASD.

In terms of practical recommendations for clinical implementation, the study suggests that clinicians could use parent-captured videos to supplement parent report and improve diagnosis and treatment planning. However, it is essential to consider the potential biases in video recording and ensure that the coding procedures are reliable and valid.

The population group involved in this study consists of children who have been diagnosed with autism and their parents. The sample size is not explicitly stated, but it appears to be a relatively small number of participants given the specific findings and comparisons made throughout the text.

The age range of the children at the time of parent interview was approximately 3.25 years on average, which suggests that the study focused on young children with autism spectrum disorder (ASD). The clinical conditions studied were primarily ASD, although it is implied that other developmental disorders may have been considered as well.

The study design employed a retrospective methodology, where parents were interviewed about their child's development one to two years after the events in question. This approach was used in conjunction with coded home video footage of the children's behavior, which provided an empirical trajectory classification system for analyzing onset phenomena.

The setting for this study was primarily the home environment, as evidenced by the use of naturalistic observations collected longitudinally through home video recordings prior to diagnosis. The study also drew on laboratory-based investigations and prospective methods of studying onset, highlighting the importance of considering multiple data sources in understanding developmental disorders like ASD.

In terms of methodological details, the study found poor agreement between parent report and empirical trajectory classifications derived from coded home video footage. This discrepancy suggests that retrospective data may be flawed and should be abandoned in favor of prospective methods of studying onset. However, the study also highlights the value of combining multiple methodologies to gain a more comprehensive understanding of developmental disorders.

The results have significant implications for future research on ASD, including the need to improve parent report methods and consider alternative approaches to classifying onset phenomena. The study's findings also suggest that onset definitions may need to be revised or expanded to better capture the complexities of early symptoms in children with autism.",Onset patterns in autism Correspondence between home video and parent report,b04ef1fed1805527b65a3f043d71c683,"Objective—The onset of autism is usually conceptualized as occurring in one of two patterns, an early onset and a regressive pattern. This study examined the number and shape of trajectories of symptom onset evident in coded home movies of children with autism and examined their correspondence with parent report of onset."
"The motivations behind parents capturing videos of their children in a home or naturalistic setting, particularly in relation to clinical assessment or diagnosis, are multifaceted. Firstly, these videos enable parents to assess and compare their child's performance across different environments, as evident from the additional play footage recorded at the homes of children with autism at 3-month follow-up. This highlights the importance of understanding how children with autism interact and communicate in their natural environment, rather than a clinical setting.

Moreover, parent-captured videos provide parents with valuable insights into their child's social communication skills and strategies. By viewing videos of their child's play-based interactions, parents can gain a more comprehensive understanding of their child's strengths and weaknesses, which can inform treatment decisions and interventions. This is particularly relevant for children with autism, who may require additional support or intervention to develop their pragmatic language skills.

The study also suggests that parent-captured videos facilitate parent-child interaction and engagement in therapy sessions. The fact that parents were instructed to arrange weekly playdates for dyads between clinic sessions indicates a recognition of the importance of involving parents in the therapeutic process and encouraging them to engage with their child in a playful and interactive way.

Parent-captured videos are utilized by clinicians or healthcare providers as an additional tool to support diagnosis, treatment planning, and clinical decision-making. These videos allow therapists to assess children's social interaction skills and communication abilities in real-life settings, providing a more comprehensive understanding of their needs. The effectiveness of parent-captured videos is supported by the study's findings, which show that they can be used as a reliable tool for rating children's performance.

The Rasch analysis determined that the assessor's scores were reliable for the 310 videos sampled, indicating that parent-captured videos can provide accurate and consistent information about children's social interaction skills. Clinicians or healthcare providers can use these videos to identify areas of strength and weakness in a child's communication abilities, inform treatment planning, and monitor progress over time.

The video-feedback sequences created by therapists using the digital video files recorded during intervention sessions can also be used to provide parents with feedback on their child's performance and suggest strategies for improvement. Furthermore, parent-captured videos can be used to compare children's performance across different environments, such as home and clinic settings, providing a more comprehensive understanding of their needs.

The study highlights the importance of involving parents in the assessment and treatment of autism, particularly through the use of video-modeling and play-based interactions. The combination of these approaches has been shown to be effective in improving pragmatic language performance in children with autism. Parent-captured videos are an integral part of this approach, enabling parents to provide feedback and guidance to their child in a more effective manner.

The study also emphasizes the need for parent training and coaching to ensure that parents are equipped with the necessary skills and knowledge to implement the intervention effectively. The use of a parent manual and videos to guide discussions with children about social communication skills and strategies observed was effective in promoting compliance among parents.

In terms of clinical implementation, the study suggests that parent-captured videos can be used as a valuable tool for assessing social communication skills in children with autism and for providing feedback to parents on their child's progress. The use of video-modeling as an intervention strategy can also be implemented in clinical settings to promote social interaction and communication skills in children with autism.

The study provides several conclusions, best practices, and recommendations for future research or clinical implementation involving parent-captured videos. Firstly, the use of parent-captured videos as a tool for assessing social communication skills in children with autism is reliable and valid, as demonstrated by the Rasch analysis which showed that the assessor's scores were consistent across 310 sampled videos.

Secondly, the study highlights the importance of using video-modeling as an intervention strategy to promote social interaction and communication skills in children with autism. The use of short videos (6-8 minutes) aligned with the modules contained within the manual was effective in teaching parents how to provide feedback before, during, and after playdates.

Thirdly, the study emphasizes the need for parent training and coaching to ensure that parents are equipped with the necessary skills and knowledge to implement the intervention effectively. The use of a parent manual and videos to guide discussions with children about social communication skills and strategies observed was effective in promoting compliance among parents.

Finally, the study recommends that future research should focus on evaluating the long-term effects of parent-captured videos as an intervention tool for children with autism. Additionally, further research is needed to explore the use of video-modeling as a standalone intervention strategy or as part of a comprehensive treatment package for children with autism.

In terms of usability concerns, parents were instructed to view one video per week at home with their child, but there is no discussion about potential difficulties or barriers that parents may face when using these videos. Additionally, while it is mentioned that parents were highly compliant with reading the prescribed chapters and viewing the videos with their child, compliance was not formally assessed.

Regarding ethical concerns, the context does not explicitly mention any issues related to informed consent, confidentiality, or data protection. However, it is noted that de-identified videos were sent to an independent assessor for rating, which suggests some level of consideration for maintaining participant anonymity and protecting sensitive information.

The study also highlights the importance of collaboration between parents and clinicians in the diagnostic or care process. The use of video-modeling in this intervention allows for a more collaborative approach to treatment, where parents are actively engaged in guiding discussions with their child about play and social communication skills observed in the videos.

In terms of digital tools, the study mentions the use of video editing software (Adobe Premier Pro CC) to create video-feedback sequences. This implies that the researchers utilized existing digital tools to facilitate the creation and sharing of videos with parents as part of the intervention.

The study involves co-design processes through the use of parent videos that are designed in collaboration with parents and children with autism. The videos portray play-based interactions of two fictional characters in contexts relevant for children with autism, thereby enhancing their effectiveness in capturing and using parent videos as a means of promoting social interaction skills.

Overall, the study provides valuable insights into the use of parent-captured videos as a tool for assessing and promoting social communication skills in children with autism. The findings highlight the importance of involving parents in the assessment and treatment of autism, particularly through the use of video-modeling and play-based interactions.","A Randomized Controlled Trial of a Play-Based, Peer-Mediated Pragmatic Language Intervention for Children With Autism",df720ef2910ace0213fe8e1474f0836b,
"The motivations behind parents capturing videos of their children in a home or naturalistic setting, particularly in relation to clinical assessment or diagnosis, are primarily driven by the need to reduce the time between parent concerns and diagnosis. Parents want to share clinically relevant videos with diagnostic professionals as soon as possible, which can be challenging due to limited access to diagnostic services and difficulties capturing specific behaviors indicative of Autism Spectrum Disorder (ASD). The study aims to address this need by developing a novel telehealth approach that guides families in collecting clinically relevant videos using mobile devices. This approach is designed to provide an opportunity for parents to demonstrate their child's typical social-communicative behavior, rather than focusing solely on behaviors that may indicate ASD.

Parent-captured videos are utilized by clinicians or healthcare providers to support diagnosis, treatment planning, or clinical decision-making through store-and-forward telehealth approaches. These video recordings enable families to capture natural expressions of child behavior in the home environment, which is crucial for an accurate and comprehensive assessment. The videos can be shared with diagnostic professionals for review and assessment, facilitating the sharing of both current behavior and historical information.

The effectiveness of parent-captured videos has been demonstrated through various studies, including this project, which examined a method to guide families in collecting clinically relevant videos using telehealth technology. The results showed that this approach may improve the diagnostic process for Autism Spectrum Disorder (ASD) by reducing the time between parent concerns and diagnosis.

Parent-captured videos have several advantages, particularly relevant to remote diagnosis of ASD. They enable families to record videos in their home, during day-to-day activities, ensuring natural expressions of child behavior are captured. Additionally, because home recordings can be carried out over several days, they may mitigate some consequences of a single clinic-based or live telehealth assessment.

The instructions provided to parents for collecting videos were designed to create opportunities for demonstrating typical social communicative behavior and avoid predisposing them toward collecting examples of behaviors that indicate ASD. The semi-structured video collection was uniform in duration (10 continuous minutes) across four specific scenarios, with clear instructions for parents to shape the interaction and ensure relevant people and objects are clearly in view.

Parent-captured videos have been shown to be a valuable tool for clinicians or healthcare providers to support diagnosis, treatment planning, or clinical decision-making. However, there are limitations and challenges reported regarding their use in clinical practice, including technical, ethical, privacy-related, or usability concerns. One major concern is the potential for bias in video collection, which can be influenced by factors such as parental knowledge about their child's behavior and development.

Another limitation is the semi-structured nature of video collection, where parents are instructed to shape interactions with their child across four specific scenarios. This design makes it unlikely that parents can selectively capture behavior that supports or does not support a diagnosis of ASD. Furthermore, NODA's inability to pause and restart videos may reduce the possibility of families submitting biased footage, but this also limits parental control over video collection.

There is also a concern about sampling bias, which may have inflated the rate of ASD cases among participating families. The study's sample consisted mainly of families seeking an evaluation for ASD, which could skew the results and make it difficult to generalize findings to other populations. Some participants may have been previously identified with developmental delays but never evaluated for ASD, and their parents may have participated in the study for the free ASD evaluation.

Lastly, there is a need for further research to examine whether NODA's accuracy differs as a function of the order of IPA (Initial Parent Assessment) and NODA. This would help clarify the potential impact of parental knowledge on video collection and provide more insight into the diagnostic process.

The study discusses the impact of parent-captured videos on communication or collaboration between parents and clinicians in the context of diagnosing Autism Spectrum Disorder (ASD). Specifically, it examines how a novel telehealth approach, called the Naturalistic Observation Diagnostic Assessment (NODA), influences the diagnostic process. NODA involves parents collecting clinically relevant videos of their child's behavior in the home using a semi-structured protocol and sharing them with diagnostic professionals via telehealth technology.

The study found that this approach may improve the diagnostic process for ASD by allowing clinicians to identify sufficient behavioral examples in the videos to satisfy diagnostic criteria. The use of parent-collected videos also enables parents to share relevant developmental history information, which can be valuable in making a diagnosis. However, the study notes some limitations, including the potential for sampling bias and the order effect, where the results of an initial assessment (IPA) may influence the type of behavior parents capture on video.

To mitigate these effects, the study implemented several design features, such as not discussing the IPA results with parents until after they completed collecting NODA videos, and providing instructions that encouraged parents to collect examples of typical social communicative behavior rather than behaviors indicative of ASD. The study also found that using a mounting device (tripod) to set up and frame the recording ahead of time, and ensuring relevant people and objects were clearly in view, improved the clinical utility of the videos.

Overall, the study suggests that parent-captured videos can be a valuable tool for improving communication and collaboration between parents and clinicians in the diagnostic process for ASD. By leveraging telehealth technology to collect clinically relevant video footage, NODA may present one avenue for reducing the time between parent concerns and diagnosis, which could have significant implications for early intervention and treatment outcomes.

The design recommendations, user-centered features, and digital tools mentioned in the study that aim to facilitate easier or more effective video capture and sharing by parents include the use of a mounting device (i.e., tripod) to set up and frame the recording ahead of time. Additionally, the NODA application provides instructions for each scenario and guidelines for framing the recording, which aims to minimize bias and ensure clinically relevant footage.

The study involved a participatory research process in designing tools or workflows for capturing and using parent videos. Parents were given clear instructions on how to record their child's behavior, including specific scenarios and guidelines for framing the recording, which aimed to minimize bias and ensure clinically relevant footage. The study also incorporated stakeholder engagement by considering the potential impact of the diagnostic process on families seeking an evaluation, as well as the limitations that may arise from sampling bias.

Furthermore, the study demonstrated a co-design approach in developing the NODA tool, which was informed by previous research (Nazneen et al., 2015) and designed to improve the clinical utility of parent-collected videos. The study provides several conclusions, best practices, and recommendations for future research or clinical implementation involving parent-captured videos.

Firstly, it highlights the importance of providing clear instructions to parents on how to collect clinically relevant videos in the home using telehealth technology. The study demonstrates that such an approach can improve the diagnostic process for Autism Spectrum Disorder (ASD) by reducing the time between parent concerns and diagnosis.

One key finding is that semi-structured video collection, where parents are given specific scenarios and instructions to shape the interaction, can minimize bias in video footage. This approach ensures that parents do not selectively capture behavior that supports or does not support a diagnosis of ASD. Additionally, the study suggests that allowing families to pause and restart videos may introduce bias, which is why NODA's design does not permit this.

The study also emphasizes the need for careful consideration of the order in which procedures are conducted. In this case, the Initial Parent Assessment (IPA) was completed before the NODA video collection, which may have influenced the type of behavior parents captured on video. To minimize this effect, results from the IPA were not discussed with parents until after the NODA videos were collected.

In terms of best practices for future research or clinical implementation, the study suggests that providing clear instructions to parents and using semi-structured video collection can improve the accuracy of parent-captured videos. It is also recommended that families be given information about the diagnostic relevance of their child's specific behaviors only after the NODA videos are obtained.

Furthermore, the study highlights several limitations that should be considered when interpreting the findings. These include sampling bias, which may have inflated the rate of ASD cases among families seeking an evaluation. Future research may examine whether NODA's accuracy differs as a function of the order of IPA and NODA.

Overall, the study provides valuable insights into the use of parent-captured videos in diagnostic assessments for ASD, highlighting the importance of clear instructions, semi-structured video collection, and careful consideration of procedure order. These findings have implications for future research and clinical implementation, and can help to improve the accuracy and efficiency of diagnostic assessments for ASD.

The study involved a population group of 51 children from the southwestern United States, including 11 typically developing children and 40 children with suspected Autism Spectrum Disorder (ASD). The sample size was relatively small, but it included a range of ages between 18 months and 6 years and 11 months. The clinical conditions studied were ASD and typical development, with the primary focus being on diagnosing ASD.

The study design was observational, where participants underwent evaluations using the NODA (Next Steps Diagnostic Assessment) tool, which is designed to generate a detailed report on behavioral examples supporting each DSM-5 criterion for ASD diagnosis. The setting of the study was primarily in-home or clinic-based, with English-speaking raters conducting evaluations.

The key methodological details reported in the study include:

*   A population group of 51 children from the southwestern United States
*   Sample size: 11 typically developing children and 40 children with suspected ASD
*   Age range: 18 months to 6 years and 11 months
*   Clinical conditions studied: ASD and typical development
*   Study design: Observational, using the NODA tool for evaluations
*   Setting: In-home or clinic-based, with English-speaking raters conducting evaluations",Investigating the Accuracy of a Novel Telehealth Diagnostic Approach for Autism Spectrum Disorder,3e6ccff5a52273a32bdb985d482d3d0d,"Research indicates a substantial amount of time between parents’ first concerns about their child’s development and a diagnosis of Autism Spectrum Disorder (ASD). Telehealth presents an opportunity to expedite the diagnostic process. This project compared a novel telehealth diagnostic approach that utilizes clinically-guided in-home video recordings to the gold standard in-person diagnostic assessment. Participants included 40 families seeking an ASD evaluation for their child and 11 families of typically developing children. Children were between the ages of 18 months and 6 years, 11 months; mean adaptive behavior composite = 75.47 (SD = 15.94). All parent participants spoke English fluently. Families completed the Naturalistic Observation Diagnostic Assessment (NODA) for ASD, which was compared to an in-person assessment (IPA). Agreement between the two methods, as well as sensitivity, specificity, and interrater reliability were calculated for the full sample and the subsample of families seeking an ASD evaluation. Diagnostic agreement between NODA and the IPA in the full sample was 88.2% (kappa = 0.75), and 85% (kappa = 0.58) in the subsample. Sensitivity was 84.9% in both, while specificity was 94.4% in the full sample and 85.7% in the subsample. Kappa coefficients for interrater reliability indicated 85 to 90% accuracy between raters. NODA utilizes telehealth technology for families to share information with professionals, and provides a method to inform clinical judgment for a diagnosis of ASD. Due to the high level of agreement with the IPA in this sample, NODA has potential to improve the efficiency of the diagnostic process for ASD."
"The motivations behind collecting home videos of children are primarily driven by the desire to provide comprehensive and accurate information about their development and behavior. This is particularly crucial in clinical assessment or diagnosis, where timely and precise identification of conditions such as autism spectrum disorder (ASD) is essential.

By analyzing video footage from birth to 2 years of age, clinicians can gain a more nuanced understanding of a child's developmental level, social interactions, and motor skills. The study suggests that home videos can be a valuable tool for clinical assessment, particularly in the early identification of ASD. Researchers used a content coding system to analyze the videos, which allowed them to identify specific behaviors and characteristics of each child.

However, it is essential to note that relying solely on home video footage may not be sufficient for comprehensive diagnosis. The study highlights the importance of parent report and live evaluation in clinical assessment, emphasizing that more sensitive examinations, such as expert clinical examination or biomechanical methods, may be necessary for accurate diagnosis.

Parent-captured videos are utilized by clinicians or healthcare providers to support diagnosis and treatment planning through a process called content coding. This involves analyzing specific characteristics of the child's behavior in the video, including social interaction, structure, and physical restriction. The clinician reviews the video footage provided by parents, often from birth to 2 years of age, and uses this information to inform their diagnosis and treatment decisions.

The effectiveness of parent-captured videos in supporting clinical decision-making has been demonstrated through various studies. Research has shown that clinicians can reliably identify motor abnormalities and developmental delays in children with ASD using home video footage. This method allows for the early identification of ASD symptoms, which is crucial for timely intervention and improved outcomes.

Moreover, parent-captured videos have been found to be a valuable tool for clinicians in assessing the severity of motor impairments in children with ASD. By analyzing the level of physical restriction and structure imposed on the child during video segments, clinicians can gain insights into the child's motor abilities and develop targeted treatment plans.

While there is evidence supporting the effectiveness of parent-captured videos in clinical decision-making, it is essential to acknowledge that this method may have limitations. For instance, some studies suggest that home video footage may not be sufficient for comprehensive assessments of motor functions, and more sensitive examinations using expert clinical examination or biomechanical methods may be necessary.

The use of parent-captured videos in clinical practice is not without its challenges, barriers, or limitations. One technical concern is that home video footage may not be suitable for measuring motor behaviors and abnormalities with sufficient accuracy, particularly when compared to expert clinical examination or biomechanical methods. This limitation suggests that relying solely on home video footage may not be effective in the early identification of autism.

In terms of usability concerns, the process of cataloguing and scoring parent-captured videos can be time-consuming and labor-intensive. The study involved transferring existing formats to DVD, which may pose logistical challenges for families who do not have access to such technology or expertise. Furthermore, the use of video footage requires a significant amount of manual effort to code and analyze, which may be a barrier to widespread adoption in clinical practice.

Ethical considerations also arise when using parent-captured videos in clinical settings. The study highlights the importance of obtaining informed consent from parents before collecting and analyzing their child's video footage. However, there is no mention of how the privacy concerns related to storing and sharing sensitive family information are addressed.

Another limitation of using parent-captured videos is that they may not provide a comprehensive picture of a child's motor functions or developmental level. The study notes that more sensitive examinations could be useful in the early identification of autism, suggesting that relying solely on home video footage may not be sufficient to detect subtle abnormalities.

Finally, there are concerns related to the quality and reliability of parent-captured videos. The study reports that segments with poor video quality were omitted from further analysis, which raises questions about how such limitations can be addressed in clinical practice. Additionally, the use of parent report or live evaluation using existing instruments may also have its own set of challenges and limitations, particularly when it comes to earlier detection of autism.

The study does discuss the impact of parent-captured videos on communication or collaboration between parents and clinicians, but it is more focused on how these videos can influence the diagnostic process. The researchers analyzed the video segments to examine whether there were differences in the contexts of video segments across groups, including typically developing children (TD), autism non-referred (AutNR), and developmental delay (DD) groups.

The study found that while parent-captured videos can provide valuable information about a child's behavior and development, they may not be sufficient for earlier detection of autism. The researchers used Baranek’s content coding system to analyze the video segments, which included codes for social interaction, structure, and physical restriction. They found that there were no significant group differences in the context of video segments, but there was a marginally significant effect for mean level of structure.

The study suggests that parent-captured videos can be used as a tool for clinicians to collaborate with parents and gain a better understanding of a child's behavior and development. However, it also highlights the limitations of using home video footage alone for earlier detection of autism. The researchers note that more sensitive examinations may be necessary to identify motor abnormalities in young children.

In terms of communication or collaboration between parents and clinicians, the study implies that parent-captured videos can facilitate this process by providing a shared understanding of a child's behavior and development. However, it does not explicitly discuss how these videos influence the diagnostic or care process beyond providing additional information for clinicians to consider.

The study involved co-design, participatory research, or stakeholder engagement processes in designing tools or workflows for capturing and using parent videos. Specifically, the researchers obtained consent from parents orally and in writing before conducting assessments, which included collecting video footage of their child from birth to 2 years of age. This suggests that the parents were actively involved in the study design and data collection process, and their input was likely considered in the development of tools or workflows for capturing and using parent videos.

The study provides several conclusions and recommendations for future research or clinical implementation involving parent-captured videos. Firstly, it highlights the importance of considering chronological age as a covariate when analyzing video characteristics, particularly in relation to restriction and structure imposed on the child during each segment. This is evident from the significant negative correlation between chronological age and level of restriction.

The study also suggests that parent-captured videos can be a valuable tool for assessing motor behaviors and abnormalities in children with ASD. However, it notes that home video footage may not be sufficient for comprehensive analysis of motor functions, and more sensitive examinations may be necessary for early identification of ASD.

In terms of best practices, the study recommends using standardized coding systems, such as Baranek's content coding system, to describe each segment of the video. This can help ensure consistency and reliability in the analysis of video characteristics.

Furthermore, the study highlights the importance of considering group differences when analyzing video characteristics. For example, it notes that there were no significant group effects for mean level of restriction, but a marginally significant effect was observed for mean level of structure. Post-hoc comparisons revealed that the AutNR group had a significantly greater age range than both the DD and TD groups.

In terms of recommendations for future research or clinical implementation, the study suggests that parent-captured videos can be used as an adjunct to existing assessment tools, such as expert clinical examination or biomechanical methods. However, it also notes that more sensitive examinations may be necessary for early identification of ASD.

Overall, the study provides valuable insights into the use of parent-captured videos in assessing motor behaviors and abnormalities in children with ASD. Its findings have implications for future research and clinical implementation, highlighting the importance of considering chronological age as a covariate, using standardized coding systems, and considering group differences when analyzing video characteristics.","Gross motor development, movement abnormalities, and early identification of autism",dc50404c05a4585701306014319d1ac0,"Gross motor development (supine, prone, rolling, sitting, crawling, walking) and movement abnormalities were examined in the home videos of infants later diagnosed with autism (regression and no regression subgroups), developmental delays (DD), or typical development. Group differences in maturity were found for walking, prone, and supine, with the DD and"
"The motivations behind using parent-captured videos for clinical assessment or diagnosis of autism spectrum disorder (ASD) stem from the limitations of traditional diagnostic tools such as the Autism Diagnostic Observation Schedule (ADOS). The ADOS is considered a gold standard, but it requires a tightly controlled and structured examination by trained clinicians, which can be time-consuming and may not accurately reflect a child's behavior in their natural environment. In contrast, capturing videos of children at home allows for a more relaxed and naturalistic setting, providing valuable insights into a child's behavioral patterns.

Moreover, the study highlights the need to identify behaviors and symptoms that may not be observable or may be inconclusive in a clinical setting. Children with complex symptom presentations often pose challenges to developmental screening, leading to false positives or false negatives. By using parent-captured videos, the study aims to overcome these limitations by allowing analysts to evaluate short videos of children filmed at home, which can provide more accurate and reliable assessments of behavioral patterns.

The need for parents to capture videos of their children is also driven by the desire to reduce the burden on clinicians and families. Traditional diagnostic tools such as ADOS require a significant amount of time and resources, whereas parent-captured videos can be completed in under 10 minutes, making it a more efficient and accessible option for families.

Furthermore, the study highlights the importance of using unsupervised short videos captured at home to supplement traditional diagnostic tools. This approach allows for a more comprehensive understanding of a child's behavioral patterns and can provide valuable insights into their developmental needs. By leveraging parent-captured videos, clinicians and researchers can gain a more nuanced understanding of ASD and develop more effective screening and diagnostic tools.

The use of parent-captured videos in clinical practice is hindered by several challenges, barriers, and limitations. One significant issue is the technical limitation of recreating the structured clinical environment at home, where parents capture the videos. This results in an undesired variability of output signals due to differences in settings and environments. Furthermore, subjects may behave differently at home compared to a clinic setting, amplifying bias.

Another concern is the reliability and consistency of parent responses on the short questionnaires, as they are untrained and may not provide objective or reliable answers. Similarly, analysts evaluating the home videos are only minimally trained, which can lead to inconsistent results.

Usability concerns also arise from the differences between training and application environments. The screeners are typically trained on historical patient records that correspond to controlled, lengthy clinical examinations, but applied via web or mobile app aimed at unsupervised parents at home. This discrepancy can introduce confounding biases into the application data, which cannot be probed by cross-validation or similar analysis of the training data alone.

Additionally, there are technical limitations related to the short duration and format of the parent questionnaires and videos. The parent questionnaire is designed to be completed in under 10 minutes, and the videos are only a few minutes long, which may not capture the full range of behaviors or symptoms relevant for diagnosis.

Lastly, ethical and privacy-related concerns arise from the use of parent-captured videos, particularly with regards to data protection and informed consent. The collection and analysis of these videos require careful consideration of patient confidentiality and the potential risks associated with sharing personal information.

The study discusses the impact of parent-captured videos on communication or collaboration between parents and clinicians in the context of autism diagnosis. Specifically, it examines how the use of short home videos uploaded by parents can influence the diagnostic process. The researchers found that while the video screener showed promise in identifying behavioral patterns similar to those probed in the ADOS, a widely used gold standard for autism diagnosis, there were limitations in its application.

One key challenge was the variability of output signals due to differences in behavior between the clinic and home settings. This resulted in inconclusive or unobserved behaviors and symptoms being more likely in application than in training data. To address these limitations, the study proposes several improvements, including avoiding assessments of children with complex symptom presentations altogether and labeling them as ""inconclusive.""

The study also highlights the importance of clinical validation in ensuring that video-based screeners are effective and reliable. The authors note that their sample consisted of 230 children who presented to autism centers in the United States between 18 and 72 months of age, with all participants receiving an ADOS as well as standard screeners like M-CHAT and CBCL.

The study's approach to designing tools or workflows for capturing and using parent videos reflects a commitment to co-design, participatory research, and stakeholder engagement. The researchers involved clinicians and experts in the field of autism diagnosis in the design process, considering the limitations of traditional diagnostic instruments and seeking to create a more accessible and efficient screener that could be used by parents at home.

The study provides several conclusions, best practices, and recommendations for future research or clinical implementation involving parent-captured videos. Firstly, it highlights the challenges of applying a video-based screener in real-world settings compared to controlled training environments. To address these limitations, the authors propose several improvements, including avoiding assessments of children with complex symptom presentations altogether and labeling them as ""inconclusive.""

Another important conclusion from the study is the need for minimal training of analysts evaluating home videos. The authors note that parents answering questionnaires are untrained, and analysts evaluating videos are only minimally trained, which can lead to inconsistent, objective, or reliable results.

In terms of best practices, the study suggests using short parent questionnaires displayed on smartphones, with behavior tagging by analysts after observing two or three 1-minute home videos uploaded by parents. This approach is designed to be quick and easy to use, taking under 10 minutes to complete the questionnaire and a few minutes for video observation.

The study's findings have significant implications for the development of more effective screening and diagnostic tools for autism spectrum disorder. By acknowledging the limitations of traditional diagnostic instruments and proposing improvements, the study offers a framework for future research and clinical implementation that can help to overcome these challenges and improve the accuracy and reliability of video-based screeners.",Machine learning approach for early detection of autism by combining questionnaire and home video screening,6100b868bbef36de0780d5579b15f6cc,"Background: Existing screening tools for early detection of autism are expensive, cumbersome, time- intensive, and sometimes fall short in predictive value. In this work, we sought to apply Machine Learning (ML) to gold standard clinical data obtained across thousands of children at-risk for autism spectrum disorder to create a low-cost, quick, and easy to apply autism screening tool. Methods: Two algorithms are trained to identify autism, one based on short, structured parent-reported ques- tionnaires and the other on tagging key behaviors from short, semi-structured home videos of children. A com- bination algorithm is then used to combine the results into a single assessment of higher accuracy. To over- come the scarcity, sparsity, and imbalance of training data, we apply novel feature selection, feature engineering, and feature encoding techniques. We allow for inconclusive determination where appropriate in order to boost screening accuracy when conclusive. The performance is then validated in a controlled clinical study. Results: A multi-center clinical study of n¼162 children is performed to ascertain the performance of these algorithms and their combination. We demonstrate a signiﬁcant accuracy improvement over standard screen- ing tools in measurements of AUC, sensitivity, and speciﬁcity. Conclusion: These ﬁndings suggest that a mobile, machine learning process is a reliable method for detection of autism outside of clinical settings. A variety of confounding factors in the clinical analysis are discussed along with the solutions engineered into the algorithms. Final results are statistically limited and will beneﬁt from fu- ture clinical studies to extend the sample size."
"The motivations behind parents' participation in research involving the capture of videos of their interactions with their children in a home or naturalistic setting are likely driven by a desire to understand the early signs and behaviors associated with Autism Spectrum Disorder (ASD) in infants. Parents may be motivated to participate due to awareness of risk factors for ASD in their child, possibly stemming from having an older sibling with the condition. By capturing videos of their interactions with their infant, parents can provide valuable insights into the early developmental patterns and behaviors of their child, which can inform clinical assessment and diagnosis.

The study highlights the importance of understanding parental behavior and interaction styles in relation to ASD. Researchers note that parents of at-risk infants may exhibit higher anxiety levels during interactions, which could impact their behavior and influence the infant's responses. This suggests that capturing videos of parent-infant interactions can provide a unique window into the early signs of ASD and inform clinical assessment.

The study emphasizes the need for high ecological validity in assessing infant development, particularly in relation to ASD. The use of home or naturalistic settings allows researchers to capture authentic interactions between parents and infants, which may not be possible in more structured laboratory settings. This approach can provide a more accurate representation of early developmental patterns and behaviors, essential for clinical assessment and diagnosis.

The motivations identified in the study suggest that parents are motivated to participate in research involving video recordings because they want to contribute to our understanding of ASD and inform clinical assessment and diagnosis. By providing valuable insights into early developmental patterns and behaviors, these videos can help clinicians identify potential signs of ASD and develop more effective interventions for affected infants.

Parent-captured videos are utilized by clinicians or healthcare providers to support diagnosis, treatment planning, or clinical decision-making through a process involving expert analysis of the video content using standardized assessment tools such as the Development and Wellbeing Assessment (DAWBA) and the Social Communication Questionnaire (SCQ). These tools help identify early signs of Autism Spectrum Disorder (ASD) in infants by analyzing parent-infant interactions, including maternal sensitivity, non-directiveness, infant attentiveness to parent, positive affect, liveliness, mutuality, and engagement intensity.

The effectiveness of this approach is supported by research studies demonstrating high ecological validity in home video recordings, which provide a more accurate representation of parent-infant interactions compared to caregiver memory or laboratory-based assessments. However, it's essential to consider potential biases and limitations in the study design, such as self-selection bias, altered parental behavior due to awareness of being videotaped, and the impact of parental anxiety on interaction ratings.

To address these concerns, researchers have implemented measures to ensure the reliability and validity of their findings, including inter-rater agreement testing through independent blind coding of 25% of the study sample video clips. The results show moderate to high agreement between raters in all domains, indicating that parent-captured videos can be a valuable tool for clinicians to support diagnosis, treatment planning, or clinical decision-making.

The use of parent-captured videos in clinical practice is not without its challenges and limitations. One major concern is that these videos are biased by what parents choose to videotape or submit for study, which may not accurately reflect the infant's typical behavior. Additionally, the content of these videos can vary greatly, making it difficult to compare across different studies.

Another limitation is that parent-captured videos do not allow for a comparison group of infants who may show similar early behaviors or interactions but do not develop ASD later on. This makes it challenging to determine whether the observed behaviors are truly indicative of autism spectrum disorder (ASD) or simply a normal variation in development.

Furthermore, there are technical concerns with using parent-captured videos, such as issues with video quality, sound, and length. In this study, 12 out of 104 dyads were excluded due to poor video quality, highlighting the need for careful consideration when collecting and analyzing these data.

The study highlights the potential utility of parent-captured videos in assessing caregiver-infant interactions in at-risk infants and identifying early signs of ASD. Researchers used a 6-minute video recording of an unstructured play interaction between the caregiver and infant to assess various aspects of their interaction, including maternal sensitivity, non-directiveness, infant attentiveness, positive affect, liveliness, mutuality, engagement intensity, and infant activity.

The study also emphasizes the importance of considering potential biases and limitations in the study design, such as self-selection bias, altered parental behavior due to being videotaped, and the impact of parental anxiety on interactions. To address these concerns, researchers have implemented measures to ensure the reliability and validity of their findings, including inter-rater agreement testing through independent blind coding of 25% of the study sample video clips.

The use of parent-captured videos provides a valuable tool for researchers and clinicians to assess infant-parent interactions and identify early signs of ASD. By leveraging these videos, we can better understand the complex relationships between parents and their children and develop more effective interventions to support families affected by autism.

In conclusion, the study highlights the importance of considering potential biases and limitations in the study design when using parent-captured videos to assess infant-parent interactions and identify early signs of ASD. Researchers should prioritize careful consideration of these factors to ensure the reliability and validity of their findings. By doing so, we can harness the full potential of parent-captured videos as a valuable tool for clinicians and researchers working with families affected by autism.",Parent–infant interaction in infant siblings at risk of autism,01401598c8f27c3dc277945fbe7bcfe3,
"The motivations behind capturing videos of children in their naturalistic environment are rooted in the desire to understand and assess the communicative behaviors of young children with developmental language impairments (LD) and autism spectrum disorder (ASD). The study highlights that previous research has relied heavily on parent report and structured clinician-guided assessments, which may not accurately capture the full range of communicative functions exhibited by toddlers in naturalistic settings. By examining gesture use across two observational contexts - a naturalistic parent-child free play interaction and the Communication and Symbolic Behavior Profile-Behavior Sample (CSBS) - the study aims to identify whether one context is more sensitive to group differences and can capture diagnostically relevant differences in gesture use in toddlers with early LD.

The study's focus on capturing gestures in a home or naturalistic setting is motivated by the need for more comprehensive and accurate assessments of communicative behaviors, which can inform clinical diagnosis and treatment planning for young children with LD and ASD. Parent-captured videos are utilized by clinicians or healthcare providers to support diagnosis, treatment planning, or clinical decision-making in several ways.

Firstly, these videos provide valuable insights into a child's naturalistic behavior and communication patterns, which may not be evident during standardized assessments. By analyzing parent-captured videos, clinicians can gain a more comprehensive understanding of the child's strengths and challenges, including their ability to regulate their own behavior and engage in joint attention with others.

Furthermore, these videos can help clinicians identify potential red flags for developmental delays or disorders, such as autism spectrum disorder (ASD). For instance, research has shown that toddlers with ASD may exhibit differences in communicative functions across structured versus unstructured sampling contexts. Specifically, children with ASD may communicate more for requesting purposes during a structured clinician-guided assessment, but less so in naturalistic settings.

Parent-captured videos can also be used to examine the association between gesture use and language development in toddlers with significant language delays (LD) with and without ASD as a diagnostic outcome. Studies have found that gestures are an important precursor to language development, and that children who produce more gestures tend to have better language outcomes. By analyzing parent-captured videos, clinicians can identify which types of gestures are being used by the child, and how these gestures are associated with later expressive and receptive language skills.

In addition, parent-captured videos can provide valuable information about the effectiveness of different observational contexts in capturing diagnostically relevant differences in gesture use. For example, research has shown that naturalistic parent-child free play interactions may be more sensitive to group differences than semi-structured standardized examiner-led assessments. By examining the production of gestures across these two contexts, clinicians can gain a better understanding of which context is most effective for identifying children with LD or ASD.

The study highlights several benefits associated with using parent-captured videos in clinical practice, including improved diagnostic accuracy, faster assessment, and enhanced understanding of the child's behavior. The use of parent-captured videos also provides a unique window into a child's naturalistic behavior and communication patterns, which can inform more effective interventions for young children with language delays.

However, the study also identifies several challenges and limitations associated with using parent-captured videos in clinical practice. These include technical concerns related to video quality, lighting, and sound, as well as ethical considerations related to informed consent from parents/guardians and ensuring that children's rights are protected during data collection.

The study's findings have implications for the assessment and treatment of children with early LD who are at increased risk for outcomes such as Autism Spectrum Disorder (ASD) and other neurodevelopmental disorders. The study suggests that parent-captured videos could be a valuable tool in assessing and treating children with early LD, particularly in capturing diagnostically relevant differences in gesture use across different observational contexts.

The study's conclusions and recommendations for future research or clinical implementation involving parent-captured videos are multifaceted. Firstly, the study highlights the importance of examining gesture use in toddlers with early language delays (LD) across different observational contexts to identify potential differences in communicative behaviors. The findings suggest that structured sampling contexts may be more sensitive to group differences and capture diagnostically relevant differences in gesture use compared to unstructured contexts.

Secondly, the study emphasizes the need for researchers to consider the role of parent-captured videos in assessing early language development, particularly in toddlers with LD or at risk for Autism Spectrum Disorder (ASD). The study's use of parent-captured videos provides a more comprehensive profile of gesture use by examining both gesture type and function.

Thirdly, the study recommends that clinicians and researchers consider using parent-captured videos as an additional tool to assess early language development in toddlers with LD or at risk for ASD. This can provide valuable insights into the child's communicative behaviors and help identify potential delays or difficulties in social communication skills.

Finally, the study suggests that future research should investigate the effects of observational sampling context on the measurement of early gesture use in toddlers with LD or at risk for ASD. This can inform the development of more effective assessment tools and interventions to support young children's language development and social communication skills.

The study involved a population group consisting of toddlers with significant early language delay (LD), including those with autism spectrum disorder (ASD) and those without ASD, as well as typically developing (TD) toddlers. The sample size was relatively small, particularly in the LD-ASD group, which may have affected the power to detect group differences and associations.

The age range of the participants varied across time points, starting from 18 months and extending up to 36 months. At the 18-month time point, toddlers with LD (both LD-ASD and LD-NonASD) scored significantly lower than TD toddlers on the MSEL receptive and expressive domains and the number of words produced on the McArthur-Bates Communicative Development Inventories (CDI).

The study design involved a longitudinal assessment of language development in toddlers, using standardized examiner-led assessments such as the Communication Play Protocol and the Clinical Assessment of Language Proficiency (CSBS). The CSBS was administered by a clinician who provided specific communicative temptations to encourage communicative behaviors that could be directed to either the clinician or the parent.

The study setting was not explicitly mentioned, but it appears to have taken place in a clinical or research setting, given the involvement of clinicians and standardized assessments. The population demographics were largely White and non-Hispanic, with high levels of maternal education across all groups.",The gesture-language association over time in toddlers with and without language delays.,d88065ea83c25a9cb701df7cc1436d1a,"Corresponding author: Stacy S Manwaring, Department of Communication Sciences and Disorders, University of Utah, 390 South, 1530 East, Rm 1201, Salt Lake City, UT 84112, USA. Email: stacy.manwaring@hsc.utah.edu"
"The motivations behind capturing videos of children in a home or naturalistic setting, particularly for clinical assessment or diagnosis, involve studying their natural behavior within various day-to-day activities and routines. This approach offers significant ecological validity, allowing researchers to observe social and interactive behaviors in an authentic context, distinct from laboratory settings.

Moreover, utilizing family home movies helps mitigate biases associated with prospective studies focusing on children at familial risk, who may not be representative of the larger population of children with Autism Spectrum Disorder (ASD). By analyzing videos from a naturalistic setting, researchers can gain valuable insights into social and communicative development over time, particularly crucial for understanding early signs and symptoms of ASD.

The study highlights the importance of observing parent-child interactions in a home or naturalistic setting. While this analysis focused on child behavior alone, incorporating other elements of the dyadic interaction process, such as parent behavior, could provide a more comprehensive understanding of social and communicative development.

Parents' motivations for participating in research by submitting their home movie recordings include contributing to the understanding of ASD and potentially helping other families experiencing similar situations. By sharing their videos, parents can offer valuable insights into early signs and symptoms of ASD, informing clinical assessment and diagnosis.

The study emphasizes the significance of using naturalistic settings and observational methods to understand social and communicative behaviors in children with ASD. Leverage family home movies to gain a more nuanced understanding of behavior in real-world contexts, essential for developing effective interventions and improving clinical assessment and diagnosis.

Parent-captured videos are utilized by clinicians or healthcare providers to support diagnosis, treatment planning, or clinical decision-making in several ways. Firstly, these videos provide a unique opportunity for clinicians to observe the natural behavior of infants later diagnosed with ASD in their everyday interactions with family members. By analyzing social and joint attention behaviors, clinicians can gain valuable insights into developmental trajectories and identify potential red flags for ASD.

The use of parent-captured videos also allows clinicians to study behavior in various day-to-day activities and routines, not typically possible in laboratory-based settings. This ecological validity is particularly important for understanding the social communication development of infants with ASD, providing a more accurate representation of their natural behavior.

Furthermore, analyzing parent-captured videos can complement findings from previous studies using other methodologies, such as prospective studies that study children at familial risk. These studies may be biased towards recruiting families who are more likely to have a child with ASD, which may not be representative of the larger population of children with ASD.

The effectiveness of utilizing parent-captured videos in supporting diagnosis and treatment planning has been demonstrated by several studies. For instance, research has shown that infants later diagnosed with ASD looked less at other people's faces, responded less often when someone called their name, and used significantly fewer pointing and showing gestures to share interest compared to typically developing children.

However, it is worth noting that the study's results on social gaze contrast with those obtained in most family videotape studies from Dawson's team. The differences may be attributed to variations in sample composition, particularly symptom onset, with our sample consisting mainly of children whose parents detected the first symptoms of ASD in the second year of life.

The outcomes or benefits associated with using parent-captured videos include improved diagnostic accuracy and enhanced understanding of the child's behavior. By analyzing these videos, researchers can identify social communicative development patterns in infants later diagnosed with ASD, informing early detection and intervention strategies.

The study highlights the importance of considering sample composition and symptom onset in research studies. The differences between this study's results and those obtained by Dawson's team may be attributed to the fact that our sample is constituted mainly of children whose parents detected the first symptoms of ASD in the second year of life, whereas samples from Dawson's studies are mostly or completely composed of children whose symptoms emerged during the first year.

In terms of best practices for future research, the study suggests that researchers should consider using a more detailed and systematic coding system to analyze the content of home movies. The use of Baranek's (2002) content coding system in this study allowed for a comprehensive analysis of social interaction behaviors, including the number of adults and children present, context, location, social activity, non-social activity, and structure imposed by the adult.

Finally, the study recommends that future research should incorporate other elements of the dyadic interaction process, such as parent behavior, to gain a more complete understanding of social interaction behaviors in infants with ASD. This could involve analyzing both child and parent behavior simultaneously, rather than focusing solely on child behavior as in this study.

Overall, the study provides valuable insights into the potential of observational studies using family home movies for studying social interaction behaviors in infants with ASD. The conclusions and recommendations from this study can inform future research and clinical implementation involving parent-captured videos.",Social orienting and initiated joint attention behaviors in 9 to 12 month old children with autism spectrum disorder- A family home movies study,6f2ba8cf93ecbf8693cf04ba587afbc0,"Lay Summary Various theories have been proposed to explain the emergence of autism symptoms early in life. This study tested two key predictions of the Social Motivation model. Comparing family movies of children 9- to 12-months-old later diagnosed with autism or with typical development, we did not observe difficulties in looking at other people’s faces but children with autism responded to name and used gaze and gestures to direct the adult’s attention to events of interest less frequently. This absence of difficulties in looking at faces does not fit with what the Social Motivation model of autism predicts and therefore we must develop alternative explanations."
"The motivations behind parents capturing videos of their children in a home or naturalistic setting are deeply rooted in the desire to identify early signs of autism and other Pervasive Developmental Disorders (PDD) in infants. This concern is driven by the understanding that autism often manifests with a regression in social and communicative skills, which may not be apparent until the second year of life.

The studies reviewed suggest that home movies can provide valuable insights into the developmental course of autism, highlighting the importance of classifying children according to the type of onset (early or late) before conducting statistical analyses. This nuanced approach underscores the complexity of autism symptoms and the need for more accurate and reliable diagnostic tools.

Parent-captured videos are utilized by clinicians or healthcare providers to support diagnosis, treatment planning, or clinical decision-making in several ways. Firstly, these videos provide valuable insights into the developmental trajectory of infants who would later be diagnosed with Autism Spectrum Disorder (ASD). By analyzing home movies made during infancy, researchers have identified early signs that differentiate children with ASD from those with developmental delays.

These signs include a reduced response to their name, decreased looking at others, lower quality and quantity of eye contact, less positive facial expression, and fewer intersubjective behaviors such as showing shared attention. The analysis of home movies has also shed light on the phenomenon of regression in autism, where infants who initially develop normally during the first year begin to show signs of developmental delay or loss of skills around 12-18 months.

This has significant implications for early identification and intervention strategies. By classifying children according to the type of onset (early vs. late) and studying them separately, clinicians can better understand the complex and heterogeneous nature of autism. The evidence from home movie studies suggests that these videos can be a valuable tool in supporting diagnosis, treatment planning, and clinical decision-making.

For instance, they can help clinicians identify infants at risk of developing ASD before the 18-24-month period, which is critical for early intervention and improved outcomes. Furthermore, the analysis of home movies has created a foundation for identifying early signs of autism, which can inform the development of screening tools and diagnostic criteria.

The effectiveness of parent-captured videos in supporting diagnosis and treatment planning has been demonstrated through various studies that have used rigorous methodological designs to analyze these videos. While there is still much to be learned about the complex and multifaceted nature of autism, the evidence from home movie studies provides a critical foundation for understanding early signs and symptoms of ASD and informing clinical practice.

However, challenges and limitations arise in the use of parent-captured videos in clinical practice. Technical concerns include the lack of standardization and the risk of selection bias by parents. Ethical considerations related to privacy and informed consent from families involved are also essential. Usability concerns arise from uncertainty regarding the representativeness of home movies, which may not accurately reflect a child's behavior or developmental trajectory.

Furthermore, some studies have highlighted the limitations of relying solely on parent-captured videos for early identification of autism spectrum disorders (ASD), as they may not capture subtle signs of developmental delays or abnormalities that are only apparent through more objective measures. Despite these challenges, the study highlights the potential benefits of using parent-captured videos in clinical practice.

The analysis of home movies has also shed light on the phenomenon of regression in autism, where infants who initially develop normally during the first year begin to show signs of developmental delay or loss of skills around 12-18 months. This has significant implications for early identification and intervention strategies.

Parent-captured videos can facilitate collaboration between parents and clinicians by providing a shared understanding of the child's developmental trajectory. By analyzing these videos together, clinicians and parents can identify early warning signs of ASD and other developmental delays, allowing for earlier intervention and more effective care planning.

The study also highlights some limitations of home movie studies, such as uncertainty concerning their representativeness and the lack of standardization. However, recent prospective studies using high-risk samples have validated the merit of home movies in identifying early signs of autism spectrum disorders.

Overall, the study demonstrates that parent-captured videos can play a crucial role in improving communication and collaboration between parents and clinicians, ultimately influencing the diagnostic or care process for children with PDD and ASD. The design recommendations and user-centered features that aim to facilitate easier or more effective video capture and sharing by parents are not explicitly mentioned in the study.

However, some studies discussed in the review highlight the use of video coding tools as a methodological aspect that contributes to the quality of home movie studies. This suggests that researchers value the systematic analysis of video data, which could imply the importance of user-friendly and accessible digital tools for parents to capture and share relevant footage.

Parents and clinicians reported several feedbacks, perceptions, and experiences regarding the process of recording, sharing, and reviewing parent-captured videos in the study. One key finding was that there was a better concordance between information derived from parental report and from the direct observation of home movies for language loss than for other losses such as pointing, showing, joint attention, social gaze, orienting to name, functional and symbolic play.

This suggests that parent-captured videos can provide valuable insights into early signs of autism that may not be apparent through parental reports alone. Additionally, studies found that most cases of autism began in the first semester, with some cases beginning within the second semester and a few cases after the first year (late-onset autism).

However, even after a regression, islands of interaction and communication persisted for several months before disappearing completely. This highlights the importance of early detection and intervention.

Some researchers also noted that there was a risk of selection bias in home movie studies, as parents may selectively record their child's most notable behaviors or milestones. However, recent prospective studies using high-risk samples have validated the merit of home movies by confirming many of the same findings.

Overall, the use of parent-captured videos has been found to be a valuable tool for improving diagnostic accuracy, facilitating faster assessment, and enhancing understanding of the child's behavior. By analyzing home movies, clinicians can identify signs of risk and develop targeted interventions to support children with ASD and their families.

The study provides several conclusions, best practices, and recommendations for future research or clinical implementation involving parent-captured videos of infants who would be later diagnosed with autism spectrum disorder (ASD). Firstly, the study highlights that home movie studies have been validated by recent prospective studies using high-risk samples, confirming their merit in identifying early signs of ASD.

The study identifies several key indicators that differentiated children with ASD from those with developmental delays during the first two years of life, including a reduced response to their name, less looking at others, lower eye contact quality and quantity, less positive facial expression, and intersubjective behaviors such as showing shared attention.

In terms of methodological design, the study emphasizes the importance of using a quality grid to prioritize studies based on nine criteria, including sample size, diagnostic criteria, age range, IQ assessment, control group, blindness, use of video coding tools, quotation reliability, and data analysis. This approach allows for a more rigorous evaluation of the evidence and identification of high-quality studies.

The study also notes that despite early diagnosis of autism remaining a complex challenge, findings from home movie studies along with prospective studies have created the bases for identifying infants and toddlers at risk of developing ASD before the 18-24-month period. 

In terms of recommendations for future research or clinical implementation, the study suggests that parent-captured videos can be used as an effective tool for early identification of ASD, particularly in high-risk samples. The study also highlights the need for further research to improve the standardization and representativeness of home movie studies.

Overall, the study provides a comprehensive review of the literature on home movie studies and prospective studies, highlighting the importance of using parent-captured videos as an effective tool for early identification of ASD.",What studies of family home movies can teach us about autistic infants A literature review,9fa889c2f7656cee7f300f09f9794dd5,"Given the great number and variety of methodological designs, we constructed a quality grid to prioritize the studies with a quality coefﬁcient that was estimated according to nine criteria: (a) sample size (N < 10 vs. 10–15 vs. >15), (b) diagnostic criteria (no criteria vs. diagnostic criteria of PDD vs. restricted diagnostic criteria and/or speciﬁc assessments scale: Childhood Autism Rating Scale (CARS), Autism Diagnostic Interview-Revised (ADI-R)), (c) age range (>1 year vs. 6–12 months vs. <6 months), (d) IQ assessment (no IQ vs. IQ assessed but lower than control), (e) control group (no control vs. normally developing control vs. delayed control), (f) blindness (no vs. yes), (g) use of video coding tools (no vs. yes), (h) quotation reliability (single quotation vs. double vs. double with interrater reliability or kappa), and (i) use of data analysis (no vs. yes). Each study received a score from 0 to 2 for each criterion. Dichotomous variables (no vs. yes) received a score 0 or 2. We then computed the ‘‘quality score’’ (from 0 to 18 points) for each study (see scores in Table 1)."
"The motivations behind capturing videos of children in a home setting, particularly in relation to clinical assessment or diagnosis, stem from the need to accurately assess and understand parent-child interactions during bedtime routines. This is especially crucial for children exhibiting sleep problems or behavioral issues that may indicate underlying conditions such as Clinical Insomnia (CI). By analyzing video footage of these interactions, researchers can gain a more comprehensive understanding of the dynamics at play and identify specific behaviors or patterns contributing to the child's difficulties.

Moreover, the study emphasizes the importance of combining observational data with parental reports to obtain an accurate picture of parent-child interactions. The Overnight Parent-Child Interaction Coding System (OPIC), developed as part of this study, demonstrates acceptable reliability and can be used to document and analyze overnight parent-child interactions. This is particularly significant given that the coding system has been shown to capture aspects of bedtime routines that parents may not disclose during interviews, such as changes in the physical environment or selective disclosure.

The need for a reliable and reproducible coding system is underscored by the limitations of the current study, including the time-consuming nature of coding video footage and the potential for coder bias. By developing a simplified version of the OPIC system that focuses on core behaviors of interest, clinicians can more efficiently use video feedback to support parental interview as an investigative tool in both children with CI and without CI.

The study highlights the importance of using observational data to inform clinical assessment and diagnosis, particularly in cases where parent-child interactions may be contributing to a child's sleep problems or other behavioral issues. Parent-captured videos are utilized by clinicians or healthcare providers to support diagnosis, treatment planning, or clinical decision-making through the use of a standardized coding system.

The OPIC system has demonstrated acceptable reliability, with 26 behaviors accounted for in the final version of the coding system. This is particularly significant considering the complexity of the behaviors involved in bedtime routines and nighttime interactions. The system's ability to capture aspects of the bedtime routine, such as changes in the physical environment, that parents may not disclose during interviews highlights its potential value in clinical decision-making.

The use of parent-captured videos has been shown to provide additional data beyond parental report, including information about the physical environment and interactions between family members. This can help clinicians identify underlying issues that contribute to sleep problems or other behavioral difficulties in children.

While there are limitations to the current version of the OPIC system, such as the time-consuming nature of coding, these can be addressed through simplification or the use of shorter video segments. The system's potential for supporting diagnosis and treatment planning is promising, particularly given its ability to capture complex behaviors that may not be observable during daytime interactions.

The effectiveness of parent-captured videos in supporting clinical decision-making has been demonstrated through their application in a study involving child brain tumor survivors who screened positive for difficulties initiating and maintaining sleep. The OPIC system was used to analyze overnight video footage, providing valuable insights into bedtime routines and nighttime interactions that informed treatment planning.

The challenges associated with the use of parent-captured videos in clinical practice include technical, ethical, privacy-related, and usability concerns. One significant limitation is the time-consuming nature of coding these videos, which can require up to four times the duration of the whole video to enable scoring where significant interactions between the parent and child take place.

This limits its application in clinical practice, suggesting that the OPIC system could be further simplified or that clinicians could code shorter segments of the video rather than the entire bedtime routine. Another limitation is the approach to inter-rater reliability (IRR) testing, which was only tested with two coders who were involved in the development of the coding system and familiar with it.

This may not accurately reflect the IRR in real-world clinical practice settings. Furthermore, the study's reliance on parental interview as an investigative tool raises concerns about recall error or selective disclosure by parents. The use of parent-captured videos also raises ethical and privacy-related concerns, particularly when analyzing sensitive information such as changes in the physical environment during bedtime routines that may not have been disclosed by parents during interviews.

The complexity of the coding system, with 26 behaviors accounted for in the final version, can be a barrier to its practical application. However, this limitation can be addressed through simplification or the use of shorter video segments. The OPIC system has demonstrated acceptable reliability and can provide valuable insights into bedtime routines and nighttime interactions.

The study's findings suggest that parent-captured videos can be a useful tool in assessing children with behavioral sleep disorders, including those with autism spectrum disorder. A recent study found 100% agreement between two coders when scoring motion detection video recordings to measure sleep disturbance in three children aged three to five years with autism spectrum disorder.

The outcomes associated with the use of parent-captured videos include improved diagnostic accuracy, faster assessment, and enhanced understanding of the child's behavior. The OPIC system demonstrated acceptable reliability in coding 26 behaviors, which can be applied to support parental interview as an investigative tool for children with or without Childhood Insomnia (CI).

This system provides objective evidence of parent-child interactions during bedtime routines, enabling clinicians to develop more targeted family-centered management plans. The use of video feedback has been shown to improve child attachment security, parent mental health status, and parent self-efficacy in comparison to simple verbal feedback.

The study's development process involved co-design, participatory research, or stakeholder engagement processes in designing tools or workflows for capturing and using parent videos through its iterative development process. The coding system was developed by analyzing 36 hours of overnight footage, which involved nearly three hours of parent-child interaction.

This suggests that the researchers worked closely with stakeholders, likely parents and clinicians, to develop a tool that is relevant and useful in clinical practice. The study also highlights the importance of stakeholder engagement through its discussion of limitations and potential solutions.

For example, the authors acknowledge that coding was time-consuming and suggest simplifying the system or using shorter segments of video. This implies that they considered the needs and constraints of clinicians who would be using the tool in real-world settings.

The study's focus on developing a reliable and reproducible coding system suggests that it involved participatory research processes, where researchers worked closely with stakeholders to ensure that the tool is effective and easy to use. The fact that the authors tested the reliability of the coding system using different footage samples also indicates that they engaged in iterative design and testing processes.

The study provides several conclusions, best practices, and recommendations for future research or clinical implementation involving parent-captured videos. Firstly, the OPIC system has been developed and tested as a reliable tool for analyzing parent-child interactions during bedtime routines.

This system can be applied to identify specific behaviors of interest, such as problematic sleep onset associations, which are crucial in developing targeted family-centered management plans. One of the limitations of the current study is the time-consuming nature of coding, which may limit its application in clinical practice.

To overcome this limitation, the OPIC system could be simplified to focus on core behaviors of interest or clinicians could code shorter segments of video rather than the entire bedtime routine. This would enable video feedback and still allow for the identification of undesirable interactions.

Another recommendation is that future studies should test the reliability of the coding system using different footage samples to ensure its generalizability. Additionally, the study highlights the importance of objective evidence in informing clinical decisions, suggesting that clinicians could benefit from having access to video recordings of parent-child interactions during bedtime routines.

The use of video feedback has been shown to be effective in guiding parents with child behavior management and improving various outcomes, including child attachment security, parent mental health status, and parent self-efficacy. Therefore, incorporating the OPIC system into clinical practice could potentially enhance family-centered management plans by providing a more nuanced understanding of parent-child interactions.

Furthermore, the study suggests that parental interviews may not always provide an accurate account of bedtime routines, highlighting the importance of using multiple sources of data to inform clinical decisions. The mismatch between parental accounts and observed reality underscores the need for objective measures, such as video recordings, to supplement parental reports.

Overall, the OPIC system has promising potential for supporting clinical practice and future research in understanding parent-child interactions during bedtime routines.",Video analysis of parent-child interactions in behavioral sleep disorders- Development of a scoring algorithm,4541cf514e45f8c9b642ea7bd2285623,In review
"The motivations behind parents capturing videos of their children in a home or naturalistic setting, particularly for clinical assessment or diagnosis, are primarily driven by the need to accurately document and track developmental changes, especially regression, in children with Autism Spectrum Disorder (ASD). Parents may be motivated to record their child's behavior and development over time due to concerns about potential regression, which is a significant challenge in ASD. The study highlights that parents often report noticing behavioral abnormalities or regression in their child's first two years of life but may not have recognized these signs earlier.

The need for accurate documentation of developmental changes is further emphasized by the fact that most children who demonstrate regression also showed previous subtle developmental differences, underscoring the importance of early identification and tracking of developmental patterns. By capturing videos of their child's behavior in a home or naturalistic setting, parents can provide valuable insights into their child's development and help clinicians identify potential signs of regression.

The study notes that language loss is the most frequently reported aspect of regression by parents, highlighting the significance of tracking language development in children with ASD. The ability to document and analyze developmental changes over time can also inform clinical assessment and diagnosis, particularly in cases where children exhibit a gradual course of onset or normal/near-normal development followed by a loss of skills.

The motivations for parents to capture videos of their children are centered on the need to accurately track and document developmental changes, particularly regression, which is a critical aspect of ASD. By doing so, parents can provide valuable information to clinicians, facilitating timely diagnosis and intervention, and ultimately improving outcomes for children with ASD.

Parent-captured videos are utilized by clinicians or healthcare providers to support diagnosis, treatment planning, or clinical decision-making in several ways. Firstly, these videos provide valuable insights into the child's developmental trajectory and can help identify subtle signs of regression that may not be apparent through clinical observation alone. By analyzing parent-reported changes in behavior, such as loss of language skills or social interactions, clinicians can gain a more comprehensive understanding of the child's condition.

The use of parent-captured videos has been shown to be effective in several studies, with one meta-analysis finding that the average reported age of regression was around 20 months. These videos have also been used to identify specific patterns of early development in autism, including gradual onset and language/social regressions. Furthermore, they can help clinicians determine the timing of regression, which is crucial for early intervention.

The effectiveness of parent-captured videos in supporting diagnosis and treatment planning has been demonstrated through various studies. For instance, research has shown that parents who report failure to notice symptoms until the second year of life often realize with hindsight that behavioral abnormalities were present much earlier, highlighting the importance of using parent-reported data in conjunction with clinical observation.

Moreover, parent-captured videos can help clinicians identify correlates and prognosis for children experiencing regression. For example, studies have found that loss of language is the most frequently reported aspect of regression by parents, and that children who experience regression often have a very limited verbal repertoire. This information can inform treatment planning and support the development of targeted interventions.

The challenges associated with using parent-captured videos in clinical practice include technical concerns such as video quality and reliability, ethical considerations like informed consent from parents and potential biases in parental reporting, privacy-related issues including the protection of sensitive information about children with ASD, and usability concerns related to the accessibility and interpretability of video data for clinicians.

The study highlights the importance of early intervention for children who have experienced regression, as well as the need for clinicians to consider the timing and nature of skill loss when diagnosing and developing treatment plans. The use of parent-captured videos is presented as a valuable tool for clinicians to understand the child's developmental history and identify potential signs of regression earlier in life.

Parent-captured videos can facilitate more accurate diagnoses and care planning by providing objective evidence of skill loss, but they do not directly influence communication or collaboration between parents and clinicians. However, they can help clinicians determine the timing of regression, which is crucial for early intervention.

The study emphasizes that most children who demonstrate regression also showed previous subtle developmental differences, emphasizing the need for early intervention. Parent-captured videos are particularly useful in documenting regression in language and social behaviors, with language loss being the most frequently reported aspect of regression by parents.

The outcomes or benefits associated with the use of parent-captured videos include improved diagnostic accuracy, faster assessment, and enhanced understanding of the child's behavior. These videos have been validated to accurately document developmental regression in ASD, allowing clinicians to identify subtle signs of regression earlier than through clinical observation alone.

Parental involvement is evident throughout the study, with references to ""parental concern,"" ""parents report,"" and ""home videos."" This emphasis on parental input implies that the study may have involved co-design or participatory research processes to develop tools or workflows for capturing and utilizing parent videos. The text also mentions the importance of considering the nature of the study group when reporting data, which suggests a recognition of the value of diverse perspectives in understanding ASD.

The study provides several conclusions, best practices, and recommendations for future research or clinical implementation involving parent-captured videos. Firstly, the timing of regression is a crucial aspect to consider in early intervention, with most children experiencing regression within the second and third years of life, typically around 20 months of age. Clinicians should take into account the nature of the study group when reporting percentage of children with regression.

Parent reports are considered valid for documenting regression, particularly when using home videos. However, it is essential to note that most children who demonstrate regression also showed previous subtle developmental differences. Therefore, clinicians should be aware of these early signs and intervene promptly.

The study highlights the importance of language loss as a significant aspect of regression, with 94% of children experiencing speech loss having only single-word speech at the time of regression. Clinicians should prioritize addressing language skills in children who are showing signs of regression.

Furthermore, the study emphasizes the need for early diagnosis and intervention, particularly between 3-4 years of age. Parents often report failure to notice symptoms until the second year of life but may realize with hindsight that behavioral abnormalities were present much earlier. Clinicians should educate parents on recognizing these early signs and encourage them to seek professional help.

The study also identifies two distinct patterns of early development in autism: a gradual course of onset and a loss of skills during the first or second year of life. Clinicians should be aware of these patterns and tailor their interventions accordingly.

In terms of best practices, clinicians should use parent-captured videos as a valuable tool for documenting regression and tracking developmental progress. They should also prioritize early intervention, focusing on addressing language skills and social behaviors in children who are showing signs of regression.

For future research, the study recommends further investigation into the correlates and prognosis of children experiencing regression. This could include exploring the relationship between regression and other associated conditions, such as epilepsy and anxiety, as well as examining the effectiveness of different intervention strategies for children with autism spectrum disorder.",Developmental regression in autism spectrum disorders,f49f37dfab3d0c4feb37e6ea542449bf,by regression does not predict the later recovery of skills or better developmental outcomes. The underlying mechanisms that lead to regression in autism are unknown. The role of subclinical epilepsy in the developmental regression of children with autism remains unclear.
"Parent-captured videos have emerged as a valuable tool in clinical assessment and diagnosis, particularly in understanding child communication, social interaction, and play in natural environments. The motivations behind using these videos are rooted in the need to provide detailed insights into children's behavior in everyday settings, which is crucial for accurate diagnosis and treatment planning.

The study highlights the significance of examining how children interact with their caregivers and engage in various activities, such as book sharing, play with people, and necessary tasks like caregiving and family chores. By analyzing the proportions of time families spend in different contexts across diagnostic groups, researchers can gain valuable information about child communication and language development.

Moreover, the study underscores the importance of understanding the functions expressed by children's communicative acts, which is essential for interpreting their full range of communicative capabilities. This approach moves beyond simply assessing the form of the communicative act to provide a more comprehensive picture of young children's communication and language abilities.

The use of parent-captured videos allows researchers to capture authentic interactions between caregivers and their children in real-life situations, providing valuable insights into how children communicate and interact with others. By analyzing these videos, clinicians can gain a better understanding of each child's strengths and weaknesses, which can inform treatment planning and support the development of individualized intervention plans.

The effectiveness of parent-captured videos has been demonstrated through various studies that have shown high interrater reliability when coding these videos using software such as Noldus Pro Observer XT. For instance, the mean Cohen's kappa coefficient (κ) for interaction context was .78, indicating acceptable agreement among coders.

The analysis of parent-captured videos involves coding various aspects of a child's behavior, including interaction contexts, child communicative acts, and PVR (Prelinguistic Vocalizations). Interaction contexts are categorized into eight types, including book sharing and play, caregiving, family chores, meals or snacks, transitions between activities, and others. Child communicative acts are coded by type and function, while PVR is identified as a specific type of vocalization.

The use of parent-captured videos in clinical decision-making has been shown to be effective in identifying children who require early intervention services. By analyzing these videos, clinicians can gain valuable insights into a child's behavior and communication patterns, making it an essential tool for supporting diagnosis, treatment planning, or clinical decision-making.

However, the study also highlights several challenges and limitations associated with using parent-captured videos in clinical practice. Technical concerns related to data quality and reliability are significant, as well as ethical and privacy-related issues. Ensuring the accuracy and reliability of video recordings is crucial, and researchers have used specialized software (Noldus Pro Observer XT) to code interaction contexts, child communicative acts, and PVR types.

Despite these challenges, parent-captured videos offer several benefits, including improved diagnostic accuracy, faster assessment, and enhanced understanding of a child's behavior. By capturing children in their natural environment through home observations, researchers can gain a more accurate picture of their communication, social interaction, and play skills.

The study also provides insights into the impact of parent-verbal responsiveness (PVR) on the diagnostic or care process for children with autism spectrum disorder, developmental delay, and typical development. The findings suggest that PVR is associated with increased child communication across all diagnostic groups, highlighting its importance in supporting language development.

In conclusion, parent-captured videos are a valuable tool for assessing child communication, social interaction, and play in natural environments. Their use can provide a more comprehensive understanding of a child's abilities and needs, which can inform treatment planning and intervention strategies. While challenges and limitations exist, the benefits associated with using these videos outweigh the costs, making them an essential tool in clinical assessment and diagnosis.",Social Communication and Parent Verbal Responsiveness Across Interaction Contexts in Toddlers on the Autism Spectrum,87ac99031a71eaffb8f72a1e463cd7cc,
"The motivations behind using parent-captured videos in assessing General Movements (GMs) in infants, particularly in relation to clinical assessment or diagnosis, are primarily driven by the need to detect early markers for neurodevelopmental disorders such as Autism Spectrum Disorder (ASD) and Rett syndrome (RTT). The assessment of GMs is considered valuable in identifying infants at risk due to its ability to detect subtle motor abnormalities that may not be apparent through traditional assessments. Parents may be motivated to capture videos of their children's movements from birth to 5 months after term, as this period is critical for assessing the quality and development of spontaneous movements.

The use of family videos has been shown to provide valuable insights into an infant's motor repertoire, including pace, range of motion, velocity, intensity, spatial character, and amount of rotations of spontaneous early movements. This approach can be particularly useful for high-risk siblings of children with ASD or for infants diagnosed with ASD, where the assessment of GMs in home videos can help identify potential markers for neurodevelopmental disorders.

Combining classic Gestalt-based video assessment with computer-based GM analysis may offer a complementary approach to evaluating an infant's motor development. This integrated method could provide more detailed information about an infant's motor repertoire and its progression over time, which is essential for early diagnosis and intervention in neurodevelopmental disorders such as ASD and RTT.

The study emphasizes the need for standardized data collection and analysis procedures to evaluate the potential power of GM assessment as a diagnostic tool. This includes ensuring that home video recordings meet essential criteria for GM assessment, such as having a minimum recording duration of 40 seconds of unstimulated, awake, and non-crying infant in a supine position.

The use of parent-captured videos has been associated with several outcomes and benefits, particularly in relation to autism spectrum disorder (ASD). One key benefit is the ability to detect early markers of neurodevelopmental disorders, such as abnormal GMs, which have been linked to a later diagnosis of ASD. Studies have shown that infants who are later diagnosed with ASD exhibit an exceedingly high rate of occurrence of abnormal GMs.

The assessment of GMs using family videos has also enabled researchers to analyze the trajectory of GM development over time, providing valuable insights into the progression of motor abnormalities in infants at risk of developing ASD. For example, a study by Phagava et al. (2008) analyzed footage from 20 children with ASD and found that four individuals exhibited varying patterns of abnormal GM trajectories, including deterioration or improvement over time.

Furthermore, the assessment of GMs using family videos has been shown to be feasible and can provide detailed information about motor and postural patterns. This information can be used in conjunction with computer-based analysis to gain a more comprehensive understanding of an infant's motor repertoire.

The use of parent-captured videos for GM assessment has also been associated with improved diagnostic accuracy and faster assessment times compared to traditional prospective assessments. Additionally, this method allows for the evaluation of high-risk siblings of children with ASD, providing valuable insights into the potential power of GM assessment as a marker for early maldevelopment in this cohort.

The study highlights that parent-captured videos are particularly useful or commonly applied in assessing general movements (GMs) in children with Autism Spectrum Disorder (ASD) and Rett syndrome (RTT). Specifically, the assessment of GMs has been retrospectively analyzed from home videos for children diagnosed with ASD, and prospective studies have been conducted on high-risk siblings of children with ASD.

The study emphasizes that further research is necessary to fully understand the relationship between motor abnormality in infancy and later diagnosis of ASD or Rett syndrome (RTT). The recommendations outlined above highlight the need for further research and standardization of GM assessment protocols to fully realize its potential as an early marker for neurodevelopmental disorders.

In terms of best practices, the study recommends that family videos should meet essential criteria of GM assessment, including a minimum recording duration of 40 seconds of the unstimulated, awake, and non-crying infant lying in supine position. This would enable researchers to accurately assess GMs in infants later diagnosed with ASD.

The population group involved in the study is infants at risk of developing Autism Spectrum Disorder (ASD), including high-risk siblings of children with ASD. The sample size and age range are not explicitly stated, but it appears that the study focuses on infants from birth to around 4 months post-term age.

The clinical conditions studied are primarily related to neurodevelopmental impairments, particularly cerebral palsy, as well as ASD. The study design is prospective, involving the assessment of general movements (GMs) in infants through family videos and standardized video recordings.

The setting for the study is likely a home or clinic environment, where family videos are recorded and analyzed by researchers. The study aims to evaluate the potential power of GM assessment as one component of an assessment designed to identify infants at heightened risk for ASD.

Overall, the use of parent-captured videos has been shown to be a valuable tool for detecting early markers of neurodevelopmental disorders and can provide important information about an infant's motor development.",Highlighting the first 5 months of life General movements in infants later diagnosed with autism spectrum disorder or Rett syndrome,ffba74061a206d6a3359cc8c2d1c9721,
"Parent-captured videos have emerged as a valuable tool in clinical assessment and diagnosis, particularly in understanding child language development. The motivations behind capturing these videos are driven by the desire to support clinical decision-making and gain insights into how parental input influences child language outcomes. By observing parent-child interactions in naturalistic settings, researchers can identify patterns and characteristics of parents' object labeling during interaction with their children.

The study specifically focuses on examining the characteristics of parents' object labeling within supported and coordinated joint engagement (JE) states among 18-month-old children with diverse developmental outcomes, including those at risk for autism spectrum disorder (ASD) and language delays. The researchers aim to determine how features of object labels relate to child language both concurrently and later in development.

The study's findings suggest that parents' object labeling is a crucial aspect of parent-child interaction, with implications for clinical assessment or diagnosis. By examining the types of object labels used by parents during supported and coordinated JE states, researchers can gain a better understanding of how parental input influences child language development.

One key aspect of these videos is their ability to capture the nuances of parent-child communication, including the way parents use language to support their child's learning and development. By analyzing video data, clinicians can identify patterns in parent speech that may be indicative of a child's developmental trajectory or risk for certain conditions, such as ASD.

For instance, studies have shown that children with ASD tend to receive less object labeling from their parents during supported JE compared to coordinated JE. This suggests that parents' use of object labels may play an important role in supporting language development and reducing the risk of ASD.

Furthermore, video analysis has revealed differences in parent speech between children with different developmental outcomes. For example, a study found that parents of children with language delays used more prompts for labels during supported JE compared to parents of typically developing children.

The effectiveness of using parent-captured videos in clinical decision-making is supported by the strong test-retest reliability, validity, and internal consistency of the Child Development Inventory (CDI), which is often used in conjunction with these video data. The CDI has been shown to be a reliable tool for assessing language development in children, and its use in combination with video analysis can provide clinicians with valuable insights into a child's communication skills.

However, there are also limitations associated with the use of parent-captured videos in clinical practice. Technical concerns, such as data quality and reliability, may arise from the use of video recordings and audio transcriptions. Additionally, ethical considerations related to informed consent, data protection, and potential bias or manipulation in the research process must be taken into account.

The study highlights the importance of considering sociodemographic factors in research studies, as they may influence parent speech patterns. This suggests that future studies should aim to recruit more diverse samples from various racial and educational backgrounds.

In terms of clinical implementation, the study's findings have implications for early intervention programs aimed at supporting children with elevated likelihood (EL) or typical likelihood (TL) profiles. Clinicians may benefit from using parent-captured videos to assess child language development and identify areas where parents can provide targeted support.

Overall, this study provides a foundation for future research in understanding the complex relationships between parent-child interactions, child language development, and sociodemographic factors. By building upon these findings, researchers can develop more effective early intervention programs that prioritize family-centered approaches and promote optimal language outcomes for children from diverse backgrounds.",Caregiver object labels within supported and coordinated joint engagement during interaction with toddler sat elevated and typical likelihood of autism,fa330192a68170de80700158772223b3,"developmental disabilities such as autism spectrum disorder (ASD) may provide caregivers varying contexts and opportunities to provide object labels. However,"
"The motivations behind parents capturing videos of their children in naturalistic settings, particularly for clinical assessment and diagnosis, stem from a desire to provide clinicians with a more comprehensive understanding of the child's behavior and development. By recording their children in everyday environments, parents can offer a nuanced view of their abilities and challenges that may not be fully captured through traditional assessments.

The study suggests that parents are motivated by the need to support the diagnosis and treatment of Autism Spectrum Disorder (ASD) in their children. By sharing videos of their children's behavior, parents can help clinicians better understand the severity of symptoms and develop more effective treatment plans. The use of video-based diagnostic methodologies, such as the Systematic Observation of Red Flags (SORF), indicates that parents are seeking ways to contribute to the diagnostic process in a more active and participatory manner.

Furthermore, the study highlights the importance of parent-reported diagnosis and clinician-provided severity levels in understanding the needs of children with ASD. By analyzing video titles and descriptions reported by uploaders, researchers can gain insight into the child's diagnosis and severity level that may not be fully captured through traditional assessments. Overall, the motivations identified in the study suggest that parents are seeking ways to support their child's diagnosis and treatment while contributing to the development of more effective diagnostic tools and methodologies.

Parent-captured videos are utilized by clinicians or healthcare providers to support diagnosis, treatment planning, or clinical decision-making through a crowd-powered AI detection process. This process involves selecting a trustworthy crowd through a filtration process involving an evaluation set of videos, followed by having them evaluate unstructured videos with and without privacy-preserving alterations such as pitch shift and face obfuscation.

The curated crowd extracts behavioral features about the children in the videos by answering multiple-choice questions about the child's behavior exhibited in the video. A classifier trained on electronic medical records corresponding to the multiple-choice answers is then used to predict the diagnosis from the aggregated video-wide annotations, which are compared against the known diagnoses in the video set.

The effectiveness of this process has been demonstrated through a study that showed consistency between clinician-provided severity levels and parent-reported diagnoses. The study also highlighted the potential for crowd-powered AI detection to provide high-quality behavioral ratings at scale, with some crowd workers showing the ability to provide accurate ratings.

However, the study noted several limitations, including biases in the selected video sample and the need for further work on larger samples to evaluate how the discussed methods will scale for all populations. Additionally, the study acknowledged that future research is needed to fully understand the effects of video-based privacy techniques on item-level answers and to improve the translatability of the results to clinical settings.

The challenges associated with using parent-captured videos in clinical practice include technical limitations such as natural degradations resulting from privacy-preserving mechanisms, which can impact the accuracy of video-based diagnostic methodologies. Ethical concerns related to data privacy, particularly for marginalized pediatric populations recorded in home settings, also arise due to parents' apprehensions about sharing videos with strangers.

Usability concerns are also present due to the need to balance preserving privacy with maintaining enough information to provide a high-quality mobile detection tool. This requires innovation in trustworthy systems and methods that can build trust with parents while ensuring the confidentiality of sensitive data. Furthermore, biases in the selected video sample may not be representative of all populations, highlighting the need for further work on larger samples to evaluate the scalability of these methods.

The technical limitations also include the potential for crowd workers to struggle with ""imputing"" missing video data, which can impact the accuracy of the results. Moreover, the use of privacy-preserving mechanisms may limit the amount of information available for analysis, potentially affecting the quality of the diagnostic tool.

Parent-captured videos have been shown to be a valuable tool in supporting diagnosis, treatment planning, or clinical decision-making through crowd-powered AI detection. However, further research is needed to fully understand their effectiveness and limitations in different populations and settings.

The study highlights the impact of parent-captured videos on communication between parents and clinicians, particularly in relation to the diagnostic process. The researchers used a subset of 50 videos from a larger collection of 200 videos, which were selected based on specific criteria such as visibility of the child's hand and face, opportunities for social engagement, and use of objects.

These videos were then evaluated by crowd workers who provided human labels at scale for ASD detection or diagnostic purposes. The study found that parent-captured videos were effective in facilitating communication between parents and clinicians, particularly when it came to validating parent-reported diagnoses.

However, the study also highlights some limitations, including potential biases in the selected video sample and the need for further work on larger samples to evaluate how the discussed methods will scale for all populations. Additionally, the researchers note that future work evaluating the granular effects of video-based privacy techniques on item-level answers would result in greater translatability of the results to clinical settings.

The study suggests that parent-captured videos can be a valuable tool for improving communication and collaboration between parents and clinicians in the diagnostic process, particularly when it comes to validating parent-reported diagnoses. However, further research is needed to address some of the limitations identified by the researchers.

While the study does not explicitly mention design recommendations or user-centered features aimed at facilitating easier or more effective video capture and sharing by parents, it highlights a concern for crowdsourced video-based detection, particularly in terms of data privacy for marginalized pediatric populations recorded in home settings. The authors emphasize the importance of building trust with parents who may have apprehensions about sharing videos with strangers.

In terms of digital tools, the study explores the use of crowd workers recruited through platforms to provide high-quality behavioral ratings on unstructured videos of children with ASD and matched controls. This approach is demonstrated as a potential solution for accurately tagging behavioral features in videos while preserving privacy conditions. The authors also describe using established mechanisms to test both visual and audio privacy, including obfuscating the face with a red box and applying pitch shift.

The study involved no co-design, participatory research, or stakeholder engagement processes in designing tools or workflows for capturing and using parent videos. The selection of videos was based solely on the criteria provided, without any input from parents or other stakeholders. The study's focus is on evaluating the potential of a distributed crowd workforce to accurately tag behavioral features of unstructured videos of children with ASD and matched controls, rather than involving parents in the design process.

The study provides several conclusions, best practices, and recommendations for future research or clinical implementation involving parent-captured videos. Firstly, it highlights the potential of crowdsourced video-based evaluations in diagnosing Autism Spectrum Disorder (ASD) with high accuracy, as demonstrated by the consistency between clinician-provided severity levels and parent-reported diagnoses.

The study also emphasizes the importance of considering privacy-preserving mechanisms when working with sensitive data such as parent-captured videos. The authors note that while their approach was able to provide a representative set of videos across various ASD severity levels, there may be limitations in terms of scalability and generalizability due to potential biases in the selected video sample.

In terms of best practices for future research, the study suggests that larger samples are needed to evaluate how the discussed methods will scale for all populations. Additionally, further work is required to explore the granular effects of video-based privacy techniques on item-level answers, which would increase the translatability of the results to clinical settings.

The study also highlights the potential of using parent-captured videos in conjunction with other diagnostic tools, such as the Systematic Observation of Red Flags (SORF), to improve ASD detection and diagnosis. Furthermore, it suggests that crowd workers recruited on crowd platforms have the potential to provide high-quality behavioral ratings, which could be leveraged for future research.

Finally, the study emphasizes the importance of considering the limitations of parent-captured videos, such as the potential for biases in the selected video sample, and the need for further work to address these limitations. Overall, the study provides valuable insights and recommendations for future research and clinical implementation involving parent-captured videos.

The population group consisted of children diagnosed with Autism Spectrum Disorder (ASD) and their corresponding videos. The sample size is not explicitly stated, but it is mentioned that the dataset used was balanced for gender and diagnosis. The age range of the children in the videos varied, although specific ages are not provided.

The clinical conditions studied were ASD, with severity levels determined by clinician-provided ratings on a scale from 1 to 7, where 1 represented ""normal, not at all ill"" and 7 represented ""extremely ill"". The study design involved using parent-reported diagnosis and clinician-provided severity levels, as well as post hoc analysis of the ASD severity level.

The setting for this study was likely online, given that the videos were uploaded by parents or caregivers and accessed through a digital platform. The study used a dataset of videos that were selected based on their balance in terms of age, gender, and diagnosis, but it is acknowledged that there may be biases in the sample that require further investigation.

The study design also involved using logistic regression classifiers to estimate ASD severity levels, which could potentially capture subtleties in children who do not fit neatly into a binary ""ASD"" or ""not ASD"" category. However, this approach was not fully explored in the present study, and it is suggested that future work should investigate the use of probabilities emitted from these classifiers as an estimate of ASD severity.

Finally, the study highlights the limitations of using video-based data for analysis, particularly when privacy-preserving mechanisms are employed. The degradation of performance due to these mechanisms or the inability of workers to ""impute"" missing video data is a crucial limitation that requires further investigation in future work.",Crowdsourced privacy-preserved feature tagging of short home videos for machine learning ASD detection,cee33f745979d558cfd065ff3fc4f2b8,
"The motivations behind parents capturing videos of their children in a home or naturalistic setting, particularly in relation to clinical assessment or diagnosis, include gaining a deeper understanding of their child's needs and facilitating engagement with the world. Parents value being able to see the world through their child's eyes, which is facilitated by wearable cameras that provide a means of capturing and reviewing interactions between parents and children with Autism Spectrum Disorder (ASD). This enables parents to provide more effective care and education while also keeping records of these activities.

Moreover, the study highlights the significance of context in making video content from wearable therapy sessions engaging and interactive for children with ASD and their parents. Parents found it challenging to recall the context of interactions from annotated videos without audio playback, which made reviewing interactions difficult. To facilitate engagement and long-term use of such wearable systems, it is essential to augment video content with sufficient context about the session, enabling users to easily navigate the video.

The study also suggests that parents may not know how best to utilize the parent review system without building intentional activities centered around it. This implies that providing clear instructions or guidelines on how to effectively use the system could be beneficial in encouraging its use and maximizing its potential benefits for both children with ASD and their parents.

Parent-captured videos are utilized by clinicians or healthcare providers to support diagnosis, treatment planning, or clinical decision-making in several ways. Firstly, these videos can provide valuable insights into a child's behavior and interactions with their environment, which can be used to inform diagnosis and treatment plans. For instance, the video review application allows parents to mark parts of the session as important, signifying features such as errors in emotion recognition or notable behaviors that may require further attention.

Furthermore, these videos can serve as a means of keeping records of therapy sessions, allowing clinicians to track progress over time and make data-driven decisions about treatment. As Hayes et al. found, automated capture can be successfully applied in various settings to assist with the education and care of children with ASD, while also providing a means of record-keeping.

However, the effectiveness of parent-captured videos in supporting diagnosis, treatment planning, or clinical decision-making depends on several factors. For instance, the lack of audio playback in the review system can make it harder for parents to recall the context of interactions from just an annotated video. Furthermore, without building intentional activities centered around the parent review, families may not know how best to use it.

To maximize the effectiveness of parent-captured videos, clinicians or healthcare providers should consider augmenting interactive video content with sufficient context about the session, such as audio playback and annotations that provide a clear understanding of what is happening in the video. This can help parents and clinicians navigate the video more easily and make better-informed decisions about treatment.

The study's findings also suggest that parent-captured videos can play a significant role in facilitating communication and collaboration between parents and clinicians, ultimately influencing the diagnostic or care process for children with autism. The system allows parents to review interactions with their child, mark important parts of the video, and communicate more effectively with clinicians. This process influences the diagnostic or care process by enabling parents to identify areas where their child may need additional support.

The study highlights several design recommendations and user-centered features aimed at facilitating easier or more effective video capture and sharing by parents. One such feature is the parent review system on the Android app, which allows parents and children to review previously recorded sessions in a newsfeed-like view. This system includes a video playback bar that displays emotions gathered from metadata, enabling users to skip to relevant parts of the video.

The study emphasizes the importance of intentional activities centered around the parent review, suggesting that without such activities, families may not know how best to use it effectively. The addition of audio playback functionality is also recommended to facilitate easier review of interactions by parents.

Additionally, the design requirements for assistive technologies developed by Hayes et al. are mentioned, which include flexibility, communication and collaboration capabilities for both children and parents, and parent support for programming and documentation of use. These requirements are explored in SuperpowerGlass through the incorporation of both visual and audio cues to engage students and support parents simultaneously.

The study provides several conclusions and recommendations for future research or clinical implementation involving parent-captured videos in wearable therapy sessions for children with Autism Spectrum Disorder (ASD). Firstly, the study highlights the importance of providing sufficient context about the session to facilitate easy navigation of the video content. This is particularly essential for long-term use of such wearable systems.

The study also suggests that interactive video content from wearable therapy sessions should be augmented with context about the content to make it more engaging and useful for children with ASD and their parents. The parent review feature, which allows parents to mark parts of the session as important, was found to be underutilized despite frequent use of the Glass system.

Furthermore, the study notes that some parents found it difficult to recall the context of the interaction from a video only annotated with detected emotion, leading them to rarely use post-session tagging of content. This suggests that the parent review feature needs to be designed in a way that provides sufficient context and facilitates easy navigation of the video content.

In terms of best practices for future research or clinical implementation, the study recommends building intentional activities centered around the parent review to help families know how best to use it. Additionally, the study highlights the importance of iterative design and development, as evidenced by the team's inductive approach to finding patterns and design issues through the interview process and analysis of logged study data.

The key methodological details reported in the study include a population group consisting of 14 children with varying degrees of Autism Spectrum Disorder (ASD) and their parents, with an average age of 9.57 years old and predominantly male participants. The sample size is relatively small, which may introduce some limitations to the results.

The study design involves an iterative, inductive approach, where patterns were identified through a review of system logs and interview content. The setting for this study was at-home, with families using the wearable social aid system for at least 20 minutes three times per week, with flexibility to use it as they saw fit beyond that.

The clinical conditions studied are related to ASD, and the study aims to explore the effectiveness and usability of wearable social aids outside of a lab setting. The study design also involves a review of session videos and analysis of logged study data to identify meaningful patterns and outcomes.

In terms of the population group involved, it is worth noting that the participants were recruited at different times, which resulted in some receiving differing versions of the system during onboarding. This limitation was addressed by considering only usage data from the first day that participants had all feature choices available to them.

The study also highlights the importance of family discussion and quality time, with 13 out of 14 families reporting an increase in family quality time as a result of participating in the study. Additionally, 12 out of 14 families noticed a dramatic increase in eye contact among family members, including cases where this was independently observed by teachers and therapists.

Overall, the methodological details reported in the study provide valuable insights into the effectiveness and usability of wearable social aids for children with ASD and their families.",SuperpowerGlass- A Wearable Aid for the At-Home Therapy of Children with Autism,0359f08a2d51eb6be628121065abcece,"Proceedings of the ACM on Interactive, Mobile, Wearable and Ubiquitous Technologies, Vol. 1, No. 3, Article 112. Publication date: September 2017."
"The motivations behind capturing videos of children in a home or naturalistic setting are likely driven by a desire to understand and support their early development, particularly in relation to social and communicative milestones. Parents may be motivated to capture these interactions because they want to assess how their child is developing socially and communicatively.

By analyzing these home movies using computerized algorithms for detecting motherese speech and analyzing caregiver-infant interactions, researchers can identify patterns that may indicate early signs of autism spectrum disorder (ASD) or other developmental delays. The study highlights the importance of understanding parent-child interactions in the first 18 months of life, as this period is critical for social and communicative development.

The researchers selected two cases from the Pisa Home Movie database: one child with typical development (TD) and another with ASD, to examine how caregivers' vocalizations and infants' responses change over time. The study suggests that parents may be motivated to capture videos of their children's interactions because they want to understand how their child is developing socially and communicatively.

The researchers propose that caregivers' use of motherese (a type of prosodic incitation) towards children with ASD may decrease over time, which could be an indicator of early signs of autism. The study's findings have implications for clinical assessment and diagnosis, suggesting that home movies can provide valuable insights into a child's developmental trajectory.

By analyzing these videos using computer-based coding procedures, researchers can identify potential red flags for ASD or other developmental delays, which can inform early intervention strategies. Parent-captured videos are utilized by clinicians or healthcare providers to support diagnosis, treatment planning, or clinical decision-making through a systematic analysis of caregiver-infant interactions.

The Observer 4.0 software is configured for the application of the Infant Caregiver Behavior Scale (ICBS) to video media files, which includes 29 items referencing infant engagement in interactions and 8 items describing caregiver solicitation or stimulation towards the infant. The videos are analyzed by trained coders who use a computer-based coding system until they achieve high levels of accuracy.

The analysis involves extracting caregiver's vocalizations from the video segments using manual segmentation with The Observer 4.0, followed by extraction of vocal segments using Sound Forge 9.0. This process provides a database of speech segments separated by case (autism or typical development) and semester. The interaction analysis is conducted by fusing video coding and acoustic analysis, and extracting all infant responses to caregiver vocalizations co-occurring within a time window of 3 seconds.

The results are calculated in terms of frequency (number of events) and duration of segments in each sequence of movie, providing insights into the effectiveness of parent-captured videos as a diagnostic tool. The evidence provided about the effectiveness of parent-captured videos is based on the use of computerized algorithms for detecting motherese speech and analyzing caregiver-infant interactions.

The study proposes hypotheses regarding the course of maternal prosodic incitation (motherese) during early development in autism, including a decrease in caregiver's motherese towards the autistic child over time. The findings from this exploratory study can be used to assess a large database of home movies and may have implications for siblings studies.

The methodological process developed in this study can be applied to other research settings, providing a valuable tool for clinicians or healthcare providers seeking to support diagnosis, treatment planning, or clinical decision-making through the analysis of parent-captured videos. The limitations reported regarding the use of parent-captured videos in clinical practice include technical concerns such as poor audio quality and imperceptible vocal segments that were excluded from analysis.

Ethical considerations are also mentioned, although not explicitly stated as a limitation, the study acknowledges the potential influence of non-standardized home movie contexts on parent-child interactions. Privacy-related concerns are not explicitly mentioned, but the use of manual segmentation to identify who was speaking to the child (e.g., mother, father, other caregiver) may raise questions about data protection and confidentiality.

Usability concerns are also noted, as the study highlights the need for standardization in home movies to ensure comparability across cases. Furthermore, the study's reliance on a single case study design is acknowledged as a significant limitation, which precludes generalizability of the findings.

The lack of standardization in home movie contexts and parental characteristics is also recognized as a potential source of bias that could influence parent-child interaction analysis. Additionally, the study notes that there were twice as many HM sequences and duration for the AD than the TD dyads, which may impact the validity of comparisons between the two groups.

Lastly, the study's inability to include children with intellectual disability (ID) in the analysis is identified as a limitation, highlighting the need for further research to determine the impact of cognitive impairment on parent-child interactions before 1 year of age.

The researchers used home movies from two single cases - a boy with typical development (TD) and a boy with autistic development (AD) - to examine the course of caregiver (CG) motherese and the infant's response. They found that the course of CG parentese differed based on gender (father vs. mother) and child status (TD vs. AD), suggesting that parents' communication styles may be influenced by their child's developmental needs.

The study highlights the importance of considering cognitive impairment on parent-child interactions, particularly in children with intellectual disability. The researchers emphasize the need for standardization in home movies, including context, location, and parental characteristics, which can influence parent-child interactions.

The outcomes or benefits associated with the use of parent-captured videos according to this study include improved diagnostic accuracy and enhanced understanding of the child's behavior. The study used a computerized algorithm to analyze home movies from two single cases, a boy with typical development (TD) and a boy with autism spectrum disorder (AD), to assess caregiver-infant interaction.

The results showed that parent-captured videos can provide valuable insights into the child's developmental trajectory and help identify early signs of autism. The study found that caregivers' use of motherese speech was more effective in inducing an infant's response in children with typical development than in those with autism.

However, the study also showed that caregivers' use of motherese towards children with autism decreased over time, suggesting a lack of social interest or engagement. The analysis of parent-captured videos using computer-based coding procedures and algorithms allowed researchers to identify specific behaviors and interactions between caregivers and infants.

The results highlighted the importance of father involvement in caregiving during the third semester of life for children with typical development. The study's findings have implications for early detection and diagnosis of autism spectrum disorder, as well as for understanding the role of parent-child interaction in child development.

By analyzing parent-captured videos using computer-based coding procedures, researchers can identify early signs of autism and develop more effective interventions to support families and improve outcomes for children with autism. The study's limitations, including its single-case design and lack of standardization in home movies, highlight the need for further research to confirm these findings and explore their generalizability.

The population group involved in this study consists of two boys, one diagnosed with autism (AD) and the other a typical developing child (TD), selected from the Pisa Home Movie database. The sample size is limited to these two cases, which precludes generalization due to its small scale.

The age range covered by the study spans the first 18 months of life, divided into three 6-month periods: ≤6 months, 6< age ≤12 months, and >12 months. The clinical conditions studied are autism (AD) and typical development (TD), with a focus on parent-child interactions.

The study design is observational, using home movies as data to analyze the behavior of caregivers and children in naturalistic settings. The setting for this study is the home environment, where the home movies were recorded.",Course of maternal prosodic incitation (motherese) during early development in autism- An exploratory home movie study,b816dcd58d9c5e6326a662e483580942,
"The use of parent-captured videos has emerged as a valuable tool in clinical practice, particularly in the early detection and diagnosis of Autism Spectrum Disorder (ASD) and other developmental conditions. These videos provide firsthand evidence of a child's behavior and development, allowing clinicians to gain a more comprehensive understanding of their strengths and challenges.

Research has shown that parent-captured videos can be an effective means of identifying children with developmental disabilities, including ASD. By analyzing these videos retrospectively, researchers have been able to pinpoint specific sociocommunicative functions and behaviors that are indicative of ASD, such as parental concerns about early cognitive or language development. This approach has demonstrated higher sensitivity rates than traditional screening tools, making it a potentially useful first-level screening tool for toddlers whose parents show concern.

The use of parent-captured videos is particularly important in pediatric developmental surveillance, where early identification and intervention are critical for optimal outcomes. By incorporating these videos into their practice, clinicians can better support parents who have concerns about their child's development, providing them with more accurate information about their child's needs.

However, there are also challenges and limitations associated with the use of parent-captured videos in clinical practice. Technical, ethical, privacy-related, and usability concerns must be addressed to ensure that these videos are used effectively and responsibly. For instance, there may be issues related to informed consent, with parents needing to provide explicit permission for their child's video to be used in a clinical setting.

Furthermore, healthcare professionals may need training on how to effectively use and interpret parent-captured videos, particularly if they are not familiar with the technology or the specific assessment tools being used. Usability is another concern, as some parents may face barriers in capturing and submitting high-quality videos due to lack of access to technology or internet connectivity.

Despite these challenges, the evidence suggests that parent-captured videos can play a significant role in improving early detection and diagnosis of ASD by facilitating communication and collaboration between parents and clinicians. By leveraging existing home movies made by parents, researchers can identify early traits and behaviors that may indicate ASD, making it a relatively easy way for pediatricians or practitioners to screen children whose parents show concern.

The study highlights the importance of parental concerns in identifying developmental problems, including ASD, and emphasizes the need for pediatricians to pay more attention to these concerns. Retrospective video analysis can be a valuable tool in identifying early differences in behavior associated with later diagnosis of ASD, and clinicians should use parent-captured videos as a first-level screening tool for children whose parents show concern about developmental problems.

Overall, the study provides valuable insights into the use of parent-captured videos in identifying early signs of ASD and highlights the need for further research on developmental surveillance practices that directly relate to ASD. By continuing to explore the potential benefits and challenges associated with this approach, clinicians can develop more effective strategies for detecting and addressing developmental problems in young children.

The study's findings have significant implications for clinical practice, emphasizing the importance of early intervention and improved physician training in recognizing ASD and other developmental problems. The use of parent-captured videos as a first-level screening tool has the potential to improve diagnostic accuracy and enhance understanding of the child's behavior, ultimately leading to better outcomes for children with ASD.

The study also underscores the need for continued research on the validity of screening tools, such as the Checklist for Autism in Toddlers (CHAT), for children whose parents show concern. By developing effective strategies for identifying early signs of ASD and addressing parental concerns, clinicians can provide more accurate information about their child's needs and improve referral decisions.

In conclusion, the use of parent-captured videos has emerged as a valuable tool in clinical practice, offering a potentially useful first-level screening tool for toddlers whose parents show concern. By leveraging existing home movies made by parents, researchers can identify early traits and behaviors that may indicate ASD, making it easier for pediatricians or practitioners to screen children at risk. However, technical, ethical, privacy-related, and usability concerns must be addressed to ensure responsible use of these videos in clinical practice.

The study's emphasis on the importance of parental concerns and reports in identifying potential developmental problems highlights the need for clinicians to pay more attention to these concerns. By using parent-captured videos as a first-level screening tool, clinicians can better support parents who have concerns about their child's development, providing them with more accurate information about their child's needs.

The study also underscores the importance of early intervention and improved physician training in recognizing ASD and other developmental problems. By continuing to explore the potential benefits and challenges associated with this approach, clinicians can develop more effective strategies for detecting and addressing developmental problems in young children.

Overall, the use of parent-captured videos has significant implications for clinical practice, emphasizing the need for continued research on developmental surveillance practices that directly relate to ASD. By developing effective strategies for identifying early signs of ASD and addressing parental concerns, clinicians can provide better care for children with ASD and improve outcomes for these children.",Early Autism Detection Implications for Pediatric Practice and Public Policy,5706236c6ebdaac14b83336756b38cbe,
"The motivations behind parents capturing videos of their children in naturalistic settings are multifaceted and driven by a desire to improve clinical assessment, diagnosis, and treatment planning for children with Autism Spectrum Disorder (ASD). By observing parent-child interactions in real-world settings, clinicians can gain valuable insights into the child's communication skills, social behaviors, and emotional responsiveness. This nuanced understanding is particularly crucial for children with ASD, where behavior and interaction patterns can be challenging to assess.

Moreover, parents may also use video recordings as a tool for self-reflection and improvement of their parenting strategies. By analyzing their interactions with their child, parents can identify areas where they can enhance parental warmth and support, ultimately facilitating engagement and communication with their children. This process not only benefits the child but also empowers parents to become more effective caregivers.

In the context of ASD diagnosis, video recordings can help clinicians identify specific behaviors or strategies indicative of the disorder. For instance, parents' use of movement-based strategies may be motivated by their perception of the child's joint attention and level of verbal comprehension. By examining these interactions in a naturalistic setting, clinicians can develop more effective treatment plans tailored to the child's unique needs.

The study highlights the importance of considering parent-child interaction as a dynamic system, where both parents and children contribute to the development of communication skills and social behaviors. Analyzing video recordings of these interactions enables researchers to identify patterns and strategies that promote positive outcomes for children with ASD. This understanding can inform the development of targeted interventions to support families affected by autism spectrum disorder.

Parent-captured videos are a valuable tool in clinical practice, providing insights into parent-child interactions that can inform diagnosis, treatment planning, and clinical decision-making. These recordings allow clinicians to assess the quality of parental responsiveness and control strategies employed during play-based activities. Studies have used video-coded measures of parental behavioral synchrony with the child as a measure of parental responsiveness, highlighting that parents of children with ASD are able to synchronize their verbal and nonverbal behavior with their children's toy-directed attention.

Furthermore, parent-captured videos can be analyzed for specific behaviors or strategies used by parents during interactions with their children. Researchers have examined the frequency of parental guidance on movement in children with ASD, finding that higher frequencies of parental guidance are associated with better receptive language skills and lower diagnostic scores for social affect and restricted and repetitive behaviors.

The use of parent-captured videos has been demonstrated to be effective in supporting diagnosis, treatment planning, or clinical decision-making through various studies. For instance, a study using the Screening Tool for Autism in Two-Year-Olds (STAT) found that video-recorded play sessions can be used to identify early signs of autism and inform diagnostic decisions.

Parent-captured videos have also been used to investigate differences in parental strategies between children with typical development (TD), ASD, and other developmental disabilities. For example, caregivers of children with TD were found to use more control strategies than caregivers of children with ASD or other DDs.

The study highlights the importance of collaboration between parents and clinicians in the diagnostic or care process. By examining parent-child interactions through video recordings, clinicians can gain a more nuanced understanding of the complex dynamics at play, ultimately leading to more effective communication and collaboration between parents and healthcare providers.

However, the use of parent-captured videos is not without its challenges, barriers, or limitations. Technical concerns include the need for careful video editing to ensure that only relevant segments are analyzed. Privacy concerns also arise, as some videos were excluded due to the presence of another person overly involved in the interaction, which could compromise the parent-child dyad's natural behavior.

Ethical considerations, such as ensuring informed consent from parents and respecting their wishes regarding data sharing, must also be addressed. Usability concerns are relevant, particularly with regards to the technical requirements for analyzing video-recorded play sessions. The study highlights the need for specialized software, such as Datavyu, to efficiently code and analyze the videos.

The time-consuming nature of coding and analyzing video recordings may be a barrier to widespread adoption in clinical practice. Finally, there are limitations related to the representativeness of the sample, as the participants were predominantly from White, middle-class suburban households, which may limit the generalizability of the findings to more diverse populations.

Parents and clinicians reported positive experiences with the video-recording process, highlighting its potential as a valuable tool for research and clinical practice. However, challenges such as recording and sharing videos requiring significant effort and commitment from both parents and children were also noted.

The study's focus on parent-captured videos highlights the importance of collaboration between parents and clinicians in the diagnostic or care process. By examining parent-child interactions through video recordings, clinicians can gain a more nuanced understanding of the complex dynamics at play, ultimately leading to more effective communication and collaboration between parents and healthcare providers.

The outcomes associated with the use of parent-captured videos include improved diagnostic accuracy and enhanced understanding of the child's behavior. By analyzing these videos, researchers were able to identify specific patterns of parent-child interactions, such as the frequency of Parent-Generated Movements (PGMs), which are indicative of a child's social response and language abilities.

The study also found that parent-reported scores on standardized measures such as the MacArthur Communicative Development Inventory (CDI) and the Screening Tool for Autism in Two-Year-Olds (STAT) can provide valuable insights into child development and language skills, informing the design and implementation of parent-mediated interventions.

In terms of clinical implementation, the study's findings have implications for the development of parent-mediated interventions that can be tailored to meet the unique needs of children with ASD. By incorporating evidence-based practices into intervention programs, clinicians may be able to improve language skills and overall developmental outcomes in children with ASD.

The population group involved in this study consists of children with Autism Spectrum Disorder (ASD) and typically developing (TD) children, with a male-skewed child cohort. The sample size is not explicitly stated, but it appears to be divided into two groups based on their diagnostic status. The age range of the participants varies, with one group having an average age of 20.36 months and the other group having an average age of 32.62 months.

The study focuses on children's receptive language skills as a predictor of parent-guided movement (PGM) frequency. Specifically, it examines whether children's raw scores on the Autism Diagnostic Observation Schedule (ADOS) and the Clinical Assessment of Language Proficiency (CARS-2) significantly predict parents' PGM frequency. The results show that higher scores on these measures are associated with greater odds of a parent's PGM frequency.

The study also investigates the relationship between children's receptive language skills and their diagnostic status, finding that low total receptive language scores in ASD children are associated with an increase in the odds of a parent's PGM frequency. Furthermore, it examines the effect of child's gender on parents' practices during play, suggesting that efforts should be made to recruit more diverse cohorts of children to investigate effects of child's gender as well as racial and cultural factors.

The study design is based on a retrospective analysis of video recordings of parent-child interactions, with two graduate-level research assistants in psychology trained to code PGMs using a randomly selected sample of 19 videos. The interrater reliability of the coding was strong (Cohen's κ = 0.872).",Parent-guided movements during play with children with autism spectrum disorder,c1015fdae66518b80e56ebb3c9db20ba,
"The motivations behind capturing videos of children in naturalistic settings, particularly for clinical assessment or diagnosis, revolve around understanding how autistic children's social communication abilities generalize across different contexts and partners. This is crucial because most learning occurs within family and school environments, and research has shown that understanding the interaction between these two core learning environments can help tailor interventions to support naturally occurring learning dynamics.

Capturing observational data on social exchanges across various settings with similar expectations, such as home and school, is essential for advancing our understanding of generalization of social communication abilities in autistic children over time. This approach also enables researchers to explore the potential moderating effects on generalization of age, nonverbal IQ, and level of restricted and repetitive behaviors.

Parent-captured videos offer a valuable tool for clinicians or healthcare providers to support diagnosis, treatment planning, or clinical decision-making through video feedback. This process involves analyzing the videos taken by parents to identify areas where the child's social communication skills can be improved and providing evidence-based strategies for the parents and teaching assistants to implement in their daily interactions with the child.

Studies have shown that using parent-captured videos can lead to significant improvements in social communication skills among children with autism. For instance, a study on the PACT-G intervention used parent-captured videos to provide video feedback to parents and teaching assistants, resulting in improved social communication skills among children.

The use of parent-captured videos has several benefits, including providing a more accurate representation of the child's behavior in naturalistic settings, allowing clinicians to identify areas where the child may need additional support, and enabling the development of personalized treatment plans. Additionally, video feedback can be used to monitor progress over time and make adjustments to the treatment plan as needed.

However, there are also challenges associated with using parent-captured videos, including technical issues such as difficulties with video recording and playback, which could compromise the quality and reliability of the data collected. There may also be concerns regarding privacy and confidentiality, particularly if the videos are shared among multiple researchers or clinicians.

Furthermore, usability concerns may arise from the complexity of using video recordings in clinical assessments, including issues related to data management, storage, and analysis. The need for specialized software and equipment to handle video files could also pose a barrier to widespread adoption.

From an ethical perspective, there may be concerns regarding informed consent, particularly if parents are required to record their children without clear guidelines on what constitutes acceptable content. Moreover, the use of parent-captured videos raises questions about the potential for bias in data collection and analysis, as well as the impact on the therapeutic relationship between parents and clinicians.

Despite these challenges, the study highlights the importance of using video feedback to support parents and teaching assistants in interacting with children using evidence-based strategies that facilitate social communication development. This approach is particularly effective when implemented within naturalistic settings such as home and school, where daily routines and play are integrated into the therapy.

The study also suggests that parent-mediated interventions like PACT-G can be effective in promoting generalization of social communication skills across different contexts. The findings indicate that children's social communication abilities at home generalize to school and clinic settings, with stronger generalization observed from home to school and clinic compared to school to home and clinic.

In terms of best practices, the study recommends using video assessments to monitor progress and provide feedback to parents and teaching assistants. This approach can help remove potential sources of confounding and ensure that ratings are made blind from independently recorded videos.

Furthermore, the study highlights the importance of considering individual differences in age, nonverbal IQ, and level of restricted and repetitive behaviors when designing interventions for autistic children. The findings suggest that younger children may benefit more from parent-mediated interventions like PACT-G.

In terms of recommendations for future research or clinical implementation, the study suggests that further studies should investigate the effectiveness of video feedback in supporting parents and teaching assistants in implementing evidence-based strategies. Additionally, researchers should explore ways to adapt parent-mediated interventions like PACT-G for children with varying levels of cognitive and communication abilities.

Finally, the study emphasizes the importance of ensuring that all procedures involving human participants are conducted in accordance with ethical standards, as was done in this study (in accordance with the ethical standards of the North West-Greater Manchester Central Research Ethics Committee). This includes obtaining informed, written consent from parents before participating in interventions like PACT-G.","Generalisation of Social Communication Skills by Autistic Children During Play-Based Assessments Across Home, School and an Unfamiliar Research Setting",4fb546db6bbd64788303e2df1743ac39,Keywords Autism · Development · Social communication · Generalisation
"The motivations behind parents capturing videos of their children in a home or naturalistic setting, particularly in relation to clinical assessment or diagnosis, are multifaceted. Primarily, they aim to provide clinicians with access to behaviors that may not be observable in a clinical setting, such as less frequent behaviors and triggers at home. This approach can facilitate timely assessments by allowing clinicians to review behavioral evidence immediately, which is more efficient than current practices.

Furthermore, parents want to enable diagnosticians to review videos systematically and structurally, mapping observed situations and behaviors to the Diagnostic and Statistical Manual of Mental Disorders (DSM) diagnostic criteria. Parents also highlighted several potential barriers to adopting an in-home recording system, including concerns about system complexity, privacy, and child reactivity.

To alleviate these concerns, parents suggested having explicit data capture and sharing policies, as well as control over data collection and sharing. They were willing to sacrifice some privacy concerns for a more timely diagnosis for their child. Clinicians emphasized the importance of using the right technology and designing an intuitive user experience with that technology to turn parent-recorded video into meaningful clinical evidence.

They noted that the recording device may cause children to react differently than they would otherwise, but this reactivity does not necessarily invalidate the clinical utility of the video evidence. Overall, parents' primary motivation for capturing videos is to support a more accurate and timely diagnosis by providing clinicians with access to relevant behavioral evidence in its natural context.

Parent-captured videos are utilized by clinicians or healthcare providers to support diagnosis, treatment planning, or clinical decision-making in several ways. Firstly, these videos provide valuable evidence for remote diagnostic assessments, allowing diagnosticians to review and map the situations and behaviors observed in the video to the DSM diagnostic criteria. This enables clinicians to make informed decisions about a child's diagnosis and treatment plan.

The clinical validity ratings of parent-collected videos have been shown to be high, with an increase from 81% to 96% after incorporating prescription and notification features into the system. The participating diagnosticians in the field evaluation rated the usefulness of the videos on a 5-point scale, with most rating them as ""very useful"" (4 or 5). Qualitative feedback during follow-up interviews also confirmed that parent-captured videos were considered valuable for clinical decision-making.

Furthermore, the analysis of collaborating diagnostician's reasons for assigned ratings revealed specific issues that lowered the clinical value of a video evidence. These issues included system complexity, privacy concerns, and child reactivity to being recorded. However, clinicians reported that these concerns did not necessarily invalidate the clinical utility of the video evidence, as similar reactions occur during clinic-based observations.

The effectiveness of parent-captured videos in supporting diagnosis and treatment planning has been demonstrated through various studies and evaluations. The NODA smartCapture system, which enables parents to record clinically relevant video evidence on their mobile phones or tablets, has been shown to be effective in capturing high-quality video evidence that is useful for clinical decision-making.

Overall, the use of parent-captured videos has been found to be a valuable tool for clinicians and healthcare providers, providing them with essential information for diagnosis, treatment planning, and clinical decision-making. However, several challenges, barriers, or limitations have been reported regarding the use of parent-captured videos in clinical practice.

These include technical issues such as system complexity and incorrect field of view, which can affect the clinical validity of the video evidence. Parents' privacy concerns are also a significant issue, but they may be willing to sacrifice some privacy for timely diagnosis. The recording device itself can cause children to react differently than they would otherwise, although clinicians do not consider this reactivity as invalidating the clinical utility of the video evidence.

Additionally, parents and clinicians highlighted usability concerns related to the setup of recordings, with incorrect field of view being a common issue. This can make it difficult for clinicians to assess the child's behavior accurately. The collaborating diagnostician identified two sets of issues that negatively influenced the utility of parent-collected videos: set-up-related issues and clinical validity issues.

The technical challenges are further exacerbated by the fact that parents may not have the necessary expertise or knowledge to use the video-recording system effectively, leading to incorrect setup and reduced clinical validity. However, incorporating prescription and notification features into the system can significantly improve the clinical validity ratings, as seen in the increase from 81% to 96%.

The study mentions specific medical or developmental conditions where parent-captured videos are particularly useful or commonly applied, specifically autism diagnosis. The diagnosticians reported that using the remote diagnosis system was extremely valuable and effective for remote autism diagnosis, but noted potential situations when in-home behavior evidence along with a brief developmental history may not be sufficient to complete a diagnostic assessment of autism.

These situations include children who are too young (<2 years old), have very subtle characteristics of autism, or have a limited level of functioning. In such cases, supplementary evidence in addition to video evidence would be required, which could be a parent report or a standard developmental assessment.

The outcomes or benefits associated with the use of parent-captured videos according to the study include improved clinical validity ratings, faster assessment, and enhanced understanding of the child's behavior. The study found that after incorporating prescription and notification features into the video-recording system, the clinical validity ratings of the parent-collected videos increased from 81% to 96%.

This indicates that the use of parent-captured videos can lead to more accurate diagnoses and assessments. The study also highlights the benefits of using a mobile phone-based application for parents to record prescribed video evidence at home. Parents found it easy to use the system, with an average rating of 4 out of 5, and 96% of the in-home video evidence recorded during field evaluation was judged as clinically useful for performing an autism diagnosis.

Furthermore, the study suggests that parent-captured videos can provide a more comprehensive understanding of the child's behavior, which can be beneficial for clinicians conducting assessments. The diagnosticians' rating and qualitative feedback confirmed that the videos were very useful (rated 5 out of 5) in supporting remote diagnostic assessment.

Overall, the study demonstrates that parent-captured videos can be a valuable tool in supporting autism diagnosis and assessment, offering several benefits including improved clinical validity ratings, faster assessment, and enhanced understanding of the child's behavior.",A Novel System for Supporting Autism Diagnosis Using Home Videos Iterative Development and Evaluation of System Design,aadc04480b5108a25690ca4a19b1b4a5,"Background: Observing behavior in the natural environment is valuable to obtain an accurate and comprehensive assessment of a child’s behavior, but in practice it is limited to in-clinic observation. Research shows significant time lag between when parents first become concerned and when the child is finally diagnosed with autism. This lag can delay early interventions that have been shown to improve developmental outcomes."
"The motivations behind parents capturing videos of their children in a home or naturalistic setting, particularly in relation to clinical assessment or diagnosis, are multifaceted. A primary need is to gather information about child communication, social interaction, and play during everyday activities with caregivers, allowing clinicians to assess the child's development and behavior in a more authentic and ecologically valid way. This approach enables clinicians to move beyond relying solely on standardized assessments or parent report tools.

By observing children engaging in various activities such as playing with toys, interacting with people, having meals and snacks, caregiving, book sharing, and family chores, clinicians can gain a better understanding of the child's strengths and challenges. This information is particularly valuable for diagnosing conditions like Autism Spectrum Disorder (ASD), where early social communication impairments are common.

Video-recorded home observations provide an opportunity to collect data on the types and functions of communication expressed by toddlers with ASD in a more granular way than traditional assessments. By analyzing these videos, researchers can identify specific gestures and communicative acts that may be indicative of developmental delays or disorders.

The use of naturalistic settings also allows clinicians to observe children's behavior in a more relaxed and familiar environment, which can reduce anxiety and stress associated with clinical evaluations. This approach can provide a more comprehensive understanding of the child's development and inform treatment decisions.

Ultimately, the motivations for parents to capture videos of their children in a home or naturalistic setting are rooted in the desire to gather accurate and meaningful information about their child's development, behavior, and communication skills. By doing so, clinicians can make more informed diagnoses and develop targeted interventions that address the child's unique needs and strengths.

Parent-captured videos are utilized by clinicians or healthcare providers to support diagnosis, treatment planning, or clinical decision-making in several ways. Firstly, these videos provide valuable information about the child's communication skills, social interaction, and play during everyday activities with a caregiver or caregivers. By analyzing the video-recorded home observations, clinicians can identify red flags for Autism Spectrum Disorder (ASD) such as impairments in early social communication.

The videos are typically recorded at around 20 months of age, lasting approximately one hour, and cover six categories of activities: play with toys, play with people, meals and snacks, caregiving, book sharing, and family chores. The caregivers are asked to interact with their child as they typically would during these activities.

The videos are then analyzed using granular coding to examine the types and functions of communication expressed by toddlers diagnosed with ASD. This analysis provides detailed information about the inventories, rates, and proportions of communicative acts, including gestures used by children with ASD.

Studies have shown that parent-captured videos can add important information to studies that have utilized standardized assessment measures, parent report tools, and retrospective home video analysis. By integrating the results of these different methods, clinicians can gain a more comprehensive understanding of the child's communication skills and make more informed decisions about diagnosis and treatment planning.

The effectiveness of using parent-captured videos in clinical decision-making has been demonstrated through studies that have shown high interrater reliability (κ > .60) among coders. For example, one study found an overall kappa for identification of child communicative acts by type to be .80, 95% CI [.72, .88]. These findings suggest that parent-captured videos can provide valuable information to support diagnosis and treatment planning, and can be used in conjunction with other assessment methods to gain a more complete understanding of the child's communication skills.

However, the use of parent-captured videos in clinical practice is not without its challenges. Technical concerns include variability in video quality and duration, which can impact the accuracy of analysis. Additionally, clinicians must consider the potential biases associated with using parent-captured videos, such as differences in parental interaction styles or child behavior.

Despite these challenges, the benefits of using parent-captured videos in clinical practice are clear. By providing a more comprehensive understanding of the child's communication skills and needs, clinicians can develop targeted interventions that address the child's unique requirements. This approach can lead to improved diagnostic accuracy, faster assessment, and enhanced understanding of the child's behavior.

In terms of best practices for using parent-captured videos in research and clinical implementation, several recommendations emerge. Firstly, researchers should prioritize prospective collection of data, such as video-recorded home observations, to gain a more accurate understanding of early social communication in young children. Additionally, the use of detailed coding schemes can provide valuable information on the types and functions of communication expressed by toddlers.

Furthermore, clinicians should consider using parent-captured videos as a tool for developing targeted interventions that address the child's unique needs and circumstances. By analyzing these videos, clinicians can gain a more accurate understanding of the child's communication skills and develop treatment plans that are tailored to their individual requirements.

Ultimately, the use of parent-captured videos in research and clinical implementation has the potential to revolutionize our understanding of early social communication in young children with ASD or DD. By providing a more comprehensive understanding of the child's development and behavior, clinicians can make more informed diagnoses and develop targeted interventions that address the child's unique needs and strengths.",Rate of Communicative Gestures and Developmental Outcomes in Toddlers With and Without Autism Spectrum Disorder During a Home Observation,736bd9432d17f81c09650fc9a66eb0b2,
"The motivations behind capturing videos of children in naturalistic settings, particularly in relation to clinical assessment or diagnosis, include the difficulty of accurately conveying complex behaviors and developmental milestones through written descriptions. This can lead to comprehension and interpretation problems, as well as bias due to postevent information such as eventual diagnosis. To address these limitations, researchers have employed video examples to reduce subjective interpretations and provide a common naturalistic standard for comparison.

The use of videos has been shown to increase clarity in various fields, including music instruction and motor vehicle repair, and has also been incorporated into autism screening. Specifically, the study builds on previous approaches that used video to reduce discrepant interpretations of items by providing informants with a common standard for comparison. The VIRSA (Video-referenced Infant Rating System for Autism) was developed using video from participants in a longitudinal infant sibling study and validated on an independent sample of infants.

The VIRSA relies solely on video in the ratings, without written descriptions of behavior, and provides a large library of video clips depicting a wide range of social-communication ability. The web application includes a brief introductory video that orients parents to the concepts and range of social behaviors depicted in the videos and provides rating instructions. Parents are asked to confirm their child's age to present videos from a matching age group, and multiple video exemplars of each scale point (1–10) are available for sampling.

The study aims to improve early discrimination of infants at highest risk for autism by leveraging the semantic clarity afforded by video. The VIRSA has been shown to be effective in reducing discrepant interpretations of items and providing a common naturalistic standard for comparison, making it a valuable tool for clinical assessment or diagnosis.

Parent-captured videos are utilized by clinicians or healthcare providers to support diagnosis, treatment planning, and clinical decision-making through the VIRSA (Video Infant Rating Scale for Autism) web application. The VIRSA employs video examples to reduce subjective interpretations and increase clarity in assessing social behaviors in infants. Videos of parents interacting with their children are used as a common naturalistic standard for comparison, allowing clinicians to better understand the child's behavior and make more accurate diagnoses.

The effectiveness of parent-captured videos in supporting diagnosis and treatment planning has been demonstrated through various studies. For instance, research has shown that using video examples can dramatically increase clarity in other fields, such as music instruction and motor vehicle repair (Arguel & Jamet, 2009). Additionally, the use of video in ASD screening has been found to reduce discrepant interpretations of items by providing informants with a common standard for comparison (Marrus et al., 2015).

The VIRSA web application was designed to present pairs of videos depicting differing degrees of social competence, side by side, accompanied by the prompt ""Which video is more like your child's interaction with you on a typical day?"" The algorithm used in the VIRSA presents videos that are tailored to the viewer's previous choices, allowing clinicians to make more accurate diagnoses and treatment plans.

The use of parent-captured videos has been shown to be effective in reducing errors associated with verbal descriptions, such as comprehension and interpretation problems (Koriat et al., 2000; Krosnick & Presser, 2010). By providing a common naturalistic standard for comparison, the VIRSA allows clinicians to better understand the child's behavior and make more accurate diagnoses.

The VIRSA has been validated on an independent sample of infants and has shown high test-retest reliability (mean = 0.89, range 0.78-0.98). The use of parent-captured videos in the VIRSA has been found to be a valuable tool for clinicians and healthcare providers in supporting diagnosis, treatment planning, and clinical decision-making.

However, challenges and limitations associated with using parent-captured videos in clinical practice include technical concerns such as poor lighting or audio quality, obscured video angles, and the difficulty of accurately conveying complex behaviors through written descriptions. Ethical considerations involve obtaining informed consent from parents to include their videos in the VIRSA, while also ensuring that the videos are used in a way that respects the privacy of the individuals depicted.

Usability concerns arise from the need for parents to interpret and understand the queried constructs, which can be limited by their knowledge of developmental milestones and potential bias due to postevent information. The use of video examples has been shown to reduce subjective interpretations and increase clarity, but it also requires careful selection and presentation of videos to ensure that they accurately represent the range of social behaviors depicted in the VIRSA.

The study involved co-design processes in designing tools or workflows for capturing and using parent videos through the incorporation of a library of video segments into a web-based application. This approach is based on the understanding that written descriptions can be subjective and may lead to comprehension and interpretation problems, as well as bias due to postevent information.

Furthermore, the study employed participatory research through the use of video examples to reduce subjective interpretations, which has been shown to dramatically increase clarity in other fields. The VIRSA web application was designed with a brief introductory video that oriented parents to the concepts and range of social behaviors depicted in the videos and provided rating instructions.

The study also involved stakeholder engagement processes by incorporating feedback from raters on the accuracy of their ratings, which is used to refine the algorithm for presenting videos. The use of an automated email invitation system allowed for efficient communication with parents and facilitated their participation in the study.

In addition, the study involved co-design processes through the collaboration between researchers and clinicians to develop a tool that can be used by parents to rate their child's social behaviors. The VIRSA app was designed to be user-friendly and accessible on various devices, including computers and mobile devices, which allowed for flexibility and convenience in completing ratings.

The population group involved in this study consisted of infants from high-risk families who have an older sibling with Autism Spectrum Disorder (ASD), as well as a low-risk group without any known family history of autism. The sample size was 110 infants, with 73 coming from the high-risk group and 37 from the low-risk group.

The age range of the participants was between 6 to 36 months, with assessments conducted at regular intervals (6, 12, 18, 24, and 36 months) by examiners who were unaware of the risk group or previous test results. The clinical conditions studied were ASD, and the study design was a validation study of the VIRSA screening instrument.

The setting for this study appeared to be a laboratory-based setting, with participants assessed through parent-report measures using the VIRSA web-based format.

Overall, the study provides several conclusions, best practices, and recommendations for future research or clinical implementation involving parent-captured videos. Firstly, it highlights the importance of using video examples to reduce subjective interpretations and increase clarity in assessing social behaviors in infants. This is particularly relevant when working with parents who may have limited understanding of developmental milestones or be biased by postevent information.

The study also demonstrates the effectiveness of employing a validated coding scheme and inter-rater reliability measures to ensure accurate assessment of social behaviors. The use of a consistent camera angle, standardized toy set, and naturalistic play scenarios in the video recordings further enhances the validity of the VIRSA ratings.

In terms of clinical implementation, the study suggests that parent-captured videos can be used as a valuable tool for early detection and screening of Autism Spectrum Disorder (ASD). The VIRSA web application's design, which includes a brief introductory video to orient parents to the concepts and rating instructions, is an effective approach to reducing discrepant interpretations.

The study also emphasizes the importance of test-retest reliability and inter-rater reliability in assessing social behaviors. The use of multiple video exemplars for each scale point and random sampling from the pool without replacement ensures that the VIRSA ratings are representative and reliable.

Furthermore, the study highlights the need to consider the age range and developmental stage of the child when selecting videos for the VIRSA library. The inclusion of a broad range of behaviors in the coding scheme and the use of a validated rating scale ensure that the VIRSA ratings capture the nuances of social development in infants.

In terms of future research, the study suggests that parent-captured videos can be used to examine the relationship between social behaviors and developmental outcomes in children with ASD. The use of video examples can also be extended to other areas of child development, such as language and cognitive development.

Overall, the study provides a comprehensive framework for using parent-captured videos in research and clinical settings, highlighting the importance of validity, reliability, and inter-rater agreement in assessing social behaviors in infants.",A video‐based measure to identify autism risk in infancy,3ac35126ebafbe5dabb658e7e50f5a32,
"The motivations behind parents capturing videos of their children in a home or naturalistic setting, particularly in relation to clinical assessment or diagnosis, are likely driven by the desire to access early periods of development and identify potential signs of autism or other developmental disabilities. The study highlights that retrospective video analysis can be an effective option for accessing these early periods, months or years before a child may be diagnosed.

The researchers encountered methodological challenges in controlling variables such as subject age and content variability, but were able to overcome these by using a standardized coding system and achieving statistically acceptable interrater reliability. The study suggests that parent-captured videos can provide valuable information about their child's development, particularly when analyzed using observational methods like the Walking Observation Scale.

The researchers specifically examined differences in gait patterns among children with autism, typical development, and mental retardation, finding distinct patterns of movement in toddlers with autism compared to those with typical development or mental retardation. This study supports the idea that movement abnormalities should be viewed as neurological signs rather than delayed milestones, highlighting the importance of early identification methods for detecting potential developmental disabilities.

The need for parents to capture videos of their children in a home or naturalistic setting is driven by the desire to identify early indicators of autism and other developmental disabilities, which can inform clinical assessment and diagnosis. By analyzing these videos using standardized coding systems and observational methods, researchers can gain valuable insights into a child's development and potentially identify signs of autism or other conditions at an earlier stage than would be possible through traditional diagnostic methods.

Parent-captured videos are utilized by clinicians or healthcare providers to support diagnosis, treatment planning, or clinical decision-making through the analysis of a child's gait patterns. These videos can provide valuable insights into a child's motor development and movement abnormalities, which may be indicative of neurological signs rather than delayed milestones.

The study used parent-captured videos to assess the internal consistency of the Walking Observation Scale, a tool designed to analyze gait using three axes: foot movements, arm movements, and global movements. The scale consists of 11 items that are used to evaluate a child's gait patterns in slow motion. The results showed high inter-rater reliability, with Cronbach's alpha values ranging from .68 to .92.

The use of parent-captured videos is particularly useful for accessing early periods of development, which may be months or years before a child with autism is diagnosed. This is because these videos can provide a comprehensive and detailed record of a child's motor development, including movement abnormalities that may not be apparent through other diagnostic methods.

Furthermore, the study highlights the importance of using parent-captured videos in clinical decision-making. The results suggest that these videos can be used to support diagnosis, treatment planning, or clinical decision-making by providing valuable insights into a child's gait patterns and motor development.

The evidence provided about the effectiveness of using parent-captured videos is based on the high inter-rater reliability of the Walking Observation Scale and the ability to identify differences in gait patterns between children with autism and those with typical development or mental retardation. The study found that retrospective video analysis can be a valuable tool for accessing very early periods of development, months or years before a child with autism may be diagnosed.

The outcomes associated with the use of parent-captured videos according to this study include improved diagnostic accuracy and enhanced understanding of the child's behavior, particularly in relation to gait patterns. The study highlights the potential of using video analysis to identify early indicators of Autistic Disorder, which could lead to earlier diagnosis and more effective interventions.

The population group involved in this study consists of boys with Autistic Disorder, typical development, and mental retardation. The sample size for each group is 16 for Autistic Disorder and typical development, and 10 for mental retardation. The age range for all participants is approximately 20-22 months, with standard deviations ranging from 1.9 to 2.3 months.

The study focuses on the clinical conditions of gait patterns in children, specifically examining atypical walking behaviors such as myopathic gait, lack of opposition movement pattern, and stereotyped general movement. The study design involves analyzing video recordings of participants after they have achieved independent walking without external support, which typically occurs around 6 months of age.

The setting for the study is a laboratory environment, specifically the Observation and Functional Diagnosis Laboratory (ODFLab) at the University of Trento, which serves as a referral center for developmental disabilities. The children with Autistic Disorder in this study were recruited from this population and had no other medical conditions or sensory impairments that could impact their gait patterns.

The study uses a video-based assessment tool, the Walking Observation Scale, to evaluate each participant's walking behavior. This scale assesses various aspects of gait, including foot movements (heel-to-toe pattern, tip-toe pattern, and out-toeing pattern), arm movements (symmetrical position, irregular elbow position, rigid forearm position, and arm-and-hand flapping), and general body movements (myopathic gait, lack of opposition movement pattern, and stereotyped general movement).

The internal consistency of the Walking Observation Scale was assessed in a preliminary study using 100 video recordings of children with typical and atypical gait patterns. The results showed statistically significant Cronbach's alpha values for each axis, indicating good reliability of the scale.

In terms of procedure, the video recordings were edited by a research assistant who was blind to the participants' diagnoses. The assistant selected segments from family play situations or special events where the child was walking and their whole body was visible on the screen. Each participant's scenes were then assembled into 5-minute video clips for analysis using the Walking Observation Scale.

The study provides several conclusions, best practices, and recommendations for future research or clinical implementation involving parent-captured videos. Firstly, it highlights the potential of retrospective video analysis in accessing very early periods of development, months or years before a child with autism may be diagnosed. This approach can provide valuable insights into the early signs of autism, which is essential for timely intervention.

The study also emphasizes the importance of using observational methods to analyze gait patterns in toddlers as an early indicator of Autistic Disorder. The Walking Observation Scale appears to be a reliable tool for assessing gait abnormalities in children with autism. The findings suggest that differences in gait patterns can be detected as early as 6 months after independent walking, which is crucial for early identification and intervention.

In terms of methodological recommendations, the study highlights the need to control variables such as age and content variability when analyzing parent-captured videos. It also emphasizes the importance of inter-rater reliability and suggests using Cohen kappa (1960) to calculate reliability. Additionally, the study recommends using slow-motion analysis at a speed of four frames per second to enhance accuracy.

For future research or clinical implementation, the study suggests that parent-captured videos can be used as an excellent option for accessing early periods of development. It also emphasizes the need for further studies to replicate and validate the findings, particularly in terms of generalizability to other populations and settings. Furthermore, the study recommends exploring the use of video analysis as a complementary tool to traditional diagnostic methods, such as standardized assessments and clinical observations.

In terms of clinical implementation, the study suggests that parent-captured videos can be used as a valuable resource for clinicians to identify early signs of autism. It also emphasizes the need for clinicians to be trained in using observational methods and tools, such as the Walking Observation Scale, to accurately assess gait patterns in toddlers. By incorporating video analysis into clinical practice, clinicians may be able to detect autism earlier and provide timely intervention, which is essential for improving outcomes for children with autism.",ANALYSIS O F TODDLERS' GAIT AFTER SIX MONTHS OF INDEPENDENT WALKING T O IDENTIFY AUTISM A PRELIMINARY STUDY,306541d0b6a8e574b550f9c92cf54776,
"The motivations behind parents capturing videos of their children in a home or naturalistic setting, particularly for clinical assessment and diagnosis, are likely driven by the desire to provide ecologically valid samples of daily activity that can be used to examine child communication and development. By capturing footage from family play situations, vacations, outings, special events, and familiar routines, parents may be motivated to document their child's behavior and interactions in a natural setting, which is essential for retrospective video analysis.

The study suggests that the content of these videos varies, but they can provide valuable insights into infant behavior captured before parents were aware of the diagnosis. The use of retrospective video analysis allows researchers to study infants with autism who are not recruited on the basis of genetic liability for autism, providing a different perspective on development in this population.

The need for standardized footage is also evident, as the study edited video footage provided by families to standardize the amount and content of footage, allowing for group comparisons of content. This suggests that researchers require a consistent and comparable dataset to draw meaningful conclusions about child communication and development.

Furthermore, the study highlights the importance of considering the limitations of retrospective video analysis, including variability in the amount and content of footage captured by different families. The edited video samples are relatively short, which may provide a limited snapshot of the gesture use of participants, but this limitation is addressed through the use of statistical models that adjust for the probability of observing certain behaviors.

Parent-captured videos are utilized by clinicians or healthcare providers to support diagnosis, treatment planning, and clinical decision-making through retrospective video analysis. This method involves examining infant behavior captured in home videos of infants later diagnosed with autism, usually recorded before the parents were aware of the diagnosis. The videos provide ecologically valid samples of daily activity, allowing researchers to study infant gesture use in natural environments with familiar caregivers.

To support diagnosis and treatment planning, clinicians can analyze specific aspects of context, such as social interactions, physical restrictions, and adult-child proximity, which are coded during content analysis. This information can help identify early signs of autism and inform the development of individualized treatment plans. For instance, clinicians may use video footage to assess a child's communication skills, such as gesture use, and identify areas where they require additional support.

The effectiveness of parent-captured videos in supporting diagnosis and treatment planning has been demonstrated through various studies that have used retrospective video analysis. Research has shown that this method can provide valuable insights into infant development and behavior, particularly for children with autism spectrum disorder (ASD). The use of parent-captured videos also enables researchers to study infant gesture use in natural environments with familiar caregivers, providing valuable insights into early signs of ASD.

The outcomes or benefits associated with the use of parent-captured videos include improved diagnostic accuracy, faster assessment, and enhanced understanding of the child's behavior. Retrospective video analysis provides a unique opportunity to examine infant behavior captured in home videos of infants later diagnosed with autism, allowing researchers to gain a more accurate understanding of the child's communication skills and behaviors.

The study involved co-design and participatory research processes in designing tools or workflows for capturing and using parent videos. Specifically, the research assistants who edited the video footage were instructed to randomly select a cross-section of scenes from the available footage, selecting only scenes in which the child was visible and for which the child's age was documented. This process allowed for group comparisons of content while addressing the challenges of variability in amount and content of footage as captured by different families.

The study also involved stakeholder engagement through parental participation in providing all videotapes containing footage of their child at age 24 months or younger. The parents were asked to provide a wide range of video footage from various situations, including family play, vacations, outings, special events, and familiar routines. This involvement ensured that the edited video samples accurately represented the daily activities of the children.

The study provides several conclusions, best practices, and recommendations for future research or clinical implementation involving parent-captured videos. Firstly, it highlights the importance of standardizing video footage to allow for group comparisons of content, which can be achieved through editing the videotapes to select a cross-section of scenes from different situations and age ranges.

Secondly, the study emphasizes the need for careful consideration of the variability in amount and content of footage captured by different families. This can be addressed by using content coding to examine specific aspects of context, such as the number of people present, level of structure in social interactions, and physical restrictions.

Thirdly, the study suggests that retrospective video analysis is a valuable method for studying infant behavior, particularly in natural environments with familiar caregivers. However, it also notes the limitations of this method, including the variability in content and the potential for missing contextual variations that may affect child communication.

The participants in this study consisted of 109 children, divided into three groups: Autism (AU), Developmental Delay (DD), and Typically Developing (TD). The AU group had a clinical diagnosis of autism made by a licensed psychologist and/or physician, usually as part of a multidisciplinary team evaluation. The DD group included children with developmental delays but no specific diagnosis of autism. The TD group consisted of typically developing children without any known developmental delays or disorders.

The sample size for each group was: 43 in the AU group, 30 in the DD group, and 36 in the TD group. There were 75 boys (38 in the AU group, 13 in the DD group, and 24 in the TD group) and 34 girls (5 in the AU group, 17 in the DD group, and 12 in the TD group). The age range of the participants was between two years old at the time of recruitment.

The study design involved a retrospective video analysis of home videotapes provided by families. Research assistants blind to the research questions and groups edited the videotapes to standardize the amount of footage and allow for group comparisons of content. They randomly selected a cross-section of scenes from the available footage in the designated age ranges (9-12 months, 15-18 months), selecting only scenes in which the child was visible and for which the child's age was documented.

The study setting was two different geographic locations (Midwest and Southeast) across a 15-year time period. The participants were recruited through various methods, including information booths at conferences, mailings to childcare centers and developmental evaluation centers, advertisements, collaboration with hospital-based clinics, and research registries. Potential participants were screened to include only those meeting confirmed diagnostic criteria for one of the three groups: autism, other DD, or TD.

The study focused on analyzing parent-child interactions in the home setting at two age ranges (9-12 months and 15-18 months). The analysis involved examining the level of imposed structure used in engaging the child in interaction, the mean number of persons present during interaction, and the amount of physical restriction. Group differences were found in the level of imposed structure used in engaging the child in interaction at 15-18 months, with the AU group showing significantly less structure than the other two groups. Additionally, differences were found in the amount of physical restriction at 9-12 months, with the DD group showing significantly more physical restriction than the TD group.

Overall, the study provides valuable insights into the use of parent-captured videos in research and clinical implementation, highlighting both the benefits and limitations of this method.",Communicative gesture use in infants with and without autism A retrospective home video study,61403c002e02ea25651f5ef3b4c4cb7b,Purpose—Compare gesture use in infants with autism to infants with other developmental disabilities (DD) or typical development (TD).
"The motivations behind capturing videos of children in a home or naturalistic setting for clinical assessment or diagnosis include the need for accurate and objective observation of child behaviors. Traditional pencil-and-paper screening instruments may not be sufficient to identify Autism Spectrum Disorder (ASD) risk accurately, and brief video samples can provide valuable information for diagnosticians.

The study emphasizes the importance of clear recording of children in typical social routines, as some parents may not understand the significance of this requirement. In such cases, delays can occur due to the need for additional video samples or technological difficulties. Furthermore, human rating of submitted videos is a potential rate-limiting step to large-scale implementation, suggesting that there is a need for efficient and effective methods of reviewing and scoring these videos.

In addition, the study suggests that home videos are generally more accurate in observing early signs than parental recall, underscoring the importance of using video samples in clinical assessment. The Cognoa mobile-health screening tool, which involves objective scoring of observable child behaviors via brief video samples, has been shown to have advantages over traditional screening instruments.

The study highlights the need for parents to capture high-quality videos of their children in everyday scenarios and for diagnosticians to have access to these videos as part of the clinical assessment process. This can help improve identification of ASD risk and provide valuable information for diagnosis.

Parent-captured videos are utilized by clinicians or healthcare providers in several ways to support diagnosis, treatment planning, and clinical decision-making. Firstly, these videos enable clinicians to observe a child's behavior in everyday scenarios, such as mealtime, playtime, or conversations, which can provide valuable insights into their developmental stage and potential risk of Autism Spectrum Disorder (ASD). The videos are scored by trained analysts who identify and indicate the presence or absence of key developmental behaviors, allowing for an objective assessment of a child's behavior.

The Cognoa mobile-health screener, which incorporates parent-captured videos, has several advantages over traditional pencil-and-paper screening instruments. It combines caregiver/parent report with objective scoring of observable child behaviors via brief video samples, making it a more comprehensive tool for ASD diagnosis. The videos may also provide useful information for diagnosticians, enabling them to make more informed decisions about treatment planning and clinical decision-making.

The effectiveness of parent-captured videos in supporting diagnosis and treatment planning has been demonstrated through the use of the Cognoa screener in this study. The results showed that clinicians were able to view the video-based classifiers and ratings, which provided valuable information for their assessment of a child's behavior. However, there are also challenges associated with using parent-captured videos, including the need for human rating of submitted videos, which can be a rate-limiting step in large-scale implementation.

The study highlights the potential benefits of parent-captured videos in improving communication and collaboration between parents and clinicians in ASD diagnosis. While there are challenges associated with large-scale implementation, the Cognoa screener offers a promising approach to ASD screening that combines caregiver/parent report with objective video scoring.

To address the challenges associated with using parent-captured videos, design recommendations and user-centered features can be implemented. These include providing clear instructions on how to record their child in a typical social routine, ensuring that the videos are of high quality and meet the required standards for analysis. Digital tools like the Cognoa app can also be used to guide parents through the process of recording and submitting videos, with features like feedback loops and reminders to encourage them to provide additional samples if needed.

However, despite these efforts, challenges persist in terms of technological difficulties and the need for human rating of submitted videos. The study suggests that future research should focus on developing more efficient methods for video review and scoring, such as using artificial intelligence or machine learning algorithms to aid in the analysis.

The use of parent-captured videos in the Cognoa mobile-health screening tool is associated with several outcomes and benefits. Firstly, these videos provide an objective scoring of observable child behaviors, which can improve diagnostic accuracy compared to relying solely on caregiver/parent report. This is particularly evident when considering that home videos are generally more accurate in observing early signs than parental recall.

Moreover, these videos can provide valuable information for diagnosticians, allowing them to assess key developmental behaviors in children. The analysts trained to review these videos are able to identify and indicate the presence or absence of specific behaviors, which is essential for accurate diagnosis. This process also enables the assessment of 8 or 9 questions aimed at evaluating a child's behavior, coding based on the presence or absence of that behavior as well as its frequency.

The study involves co-design, participatory research, and stakeholder engagement processes in designing tools or workflows for capturing and using parent videos. For instance, parents are asked to record up to four 1–2-minute videos in different everyday scenarios, which indicates that their input is considered in the design of the video-based classifiers.

The study provides several conclusions and recommendations for future research or clinical implementation involving parent-captured videos in a hybrid mobile-health screener. Firstly, it highlights the importance of clear video recording guidelines to ensure that parents understand what is required, such as capturing their child in typical social routines. This can help minimize delays and technological difficulties during the screening process.

Secondly, the study emphasizes the need for human rating of submitted videos, which can be a rate-limiting step in large-scale implementation. This suggests that future research should focus on developing more efficient methods for video review and scoring, such as using artificial intelligence or machine learning algorithms to aid in the analysis.

The population group involved in this study is children referred for Autism Spectrum Disorder (ASD)-related concerns, with a sample size of 222 subjects averaging 5.8 years of age who had presented to a diagnostic center. The racial and ethnic diversity of the sample is limited due to the demographics of the participating sites.

In terms of best practices, the study recommends providing clear instructions and guidelines for parents on how to record videos, including examples of typical social routines. It also emphasizes the importance of human rating of submitted videos, which can help ensure accuracy and reliability in the screening process.

Overall, the study provides valuable insights into the potential benefits and challenges of using parent-captured videos in a hybrid mobile-health screener, and highlights areas for future research and development to improve the effectiveness and efficiency of this approach.",Screening in Toddlers and Preschoolers at Risk for Autism Spectrum Disorder Evaluating a Novel Mobile-Health Screening Tool,abb4cc1393b26e8ad3bbb28b399c3f4b,
"The motivations behind capturing videos of children in their naturalistic setting by parents are intricately linked with clinical assessment and diagnosis. Specifically, the study highlights the significance of parent responsiveness as a potential mediator between early child hyporeactivity and later communication skills. By examining the association between child sensory behaviors and communication outcomes, researchers aim to understand how parent-child interactions can impact developmental trajectories in children at risk for Autism Spectrum Disorder (ASD). The need to capture videos of children in their naturalistic setting arises from the desire to observe and quantify parent-child interactions, such as verbal responsiveness, which is a critical component of many parent-mediated interventions. By analyzing these interactions, researchers hope to identify potential mechanisms of change in treatment and develop more effective, tailored interventions for children at risk.

Parent-captured videos are utilized by clinicians or healthcare providers to support diagnosis, treatment planning, and clinical decision-making in several ways. Firstly, these videos allow for the observation of parent-child interactions, providing valuable insights into the child's behavior, communication skills, and sensory processing abilities. Specifically, the Parent Responsiveness Coding System (PRCS) is used to analyze parent verbal responsiveness (PVR), which is defined as the percent of intervals in which the parent gives a follow-in verbal response to the child's lead.

The use of parent-captured videos has been found to be effective in supporting diagnosis and treatment planning. For instance, research has shown that increased parent verbal responsiveness can attenuate the negative impact of child sensory hyporeactivity on communication outcomes. This suggests that by improving parent-child interactions, clinicians may be able to support better communication skills in children with or at risk for Autism Spectrum Disorder (ASD).

Furthermore, the use of multiple methods, including observational measures and parent reports, has been found to provide consistent results, highlighting the integrity of these findings. This consistency can inform decision-making for researchers who identify particular benefits to using one type of measure over another in future studies.

The effectiveness of parent-captured videos in supporting diagnosis, treatment planning, and clinical decision-making is supported by several studies that have demonstrated their utility in understanding the complex interplay between infants and their caregivers. By analyzing these interactions, clinicians can gain a better understanding of the child's behavior, communication skills, and sensory processing abilities, ultimately informing the development of tailored interventions for children at risk.

Parent-captured videos offer a valuable tool for clinicians to support diagnosis, treatment planning, and clinical decision-making, providing insights into parent-child interactions that can inform the development of effective interventions. However, the use of these videos is not without its challenges, barriers, or limitations. Technical limitations include the need for multiple raters to score the videos, as some initial raters were not meeting standards despite training and booster sessions.

Usability concerns arise from the time-consuming and labor-intensive process of coding parent-child interactions from 10-minute videotaped free-play interactions. The use of partial interval coding (5-second intervals) may also pose challenges in terms of data management and analysis.

From an ethical and privacy-related perspective, it is essential to note that informed consent was obtained from parents before collecting video recordings of their child's interactions. However, the potential for bias or reactivity in parent-child interactions when being recorded should not be overlooked.

The use of parent-captured videos may also raise concerns about data security and confidentiality, particularly if the videos are stored electronically. Ensuring that these videos are handled and stored in accordance with relevant regulations and guidelines is essential to maintaining participant trust and upholding ethical standards.

While parent responsiveness was found to be an important mediator of the association between child sensory hyporeactivity and communication skills, further research is needed to fully understand its role in treatment response. This may involve addressing technical limitations, such as developing more efficient coding methods or using artificial intelligence to aid in data analysis.

The study highlights the impact of parent-captured videos on communication or collaboration between parents and clinicians, specifically examining how parent verbal responsiveness influences the diagnostic or care process. The results indicate that increased parent verbal responsiveness may attenuate the negative impact of child sensory hyporeactivity on communication outcomes. This suggests that parent responsiveness plays a crucial role in mitigating the effects of child characteristics on communication skills, highlighting the dynamic relationship between child and parent variables in shaping child communication outcomes.

The study emphasizes the importance of using multiple methods to confirm results, including both observational and parent-reported measures. This approach can help eliminate bias associated with single-method assessments and provide a more comprehensive understanding of child behaviors and outcomes. The use of direct observation measures may be beneficial for researchers seeking to reduce bias, while parent reports may be more feasible in clinical settings or research studies with limited funding.

The study underscores the importance of rigorous coding procedures, including the use of partial interval coding and consensus scoring among multiple raters. This approach can help ensure inter-rater reliability and accuracy in coding parent-child interactions.

In terms of recommendations for future research, the study suggests that further investigation is needed to explore the potential mediating role of PVR in the association between child sensory hyporeactivity and communication outcomes. This may involve examining the effects of parent-mediated interventions on PVR and subsequent communication skills in children at risk. Additionally, researchers should consider using multiple methods to confirm results and employing rigorous coding procedures to ensure accuracy and reliability.

For clinical implementation, the study's findings suggest that parent-mediated interventions focusing on enhancing parental responsiveness may be a valuable strategy for improving communication skills in children at risk. Clinicians can use the Parent Responsiveness Coding System (PRCS) to assess PVR and tailor interventions to address specific areas of need. By incorporating parent-child interactions into treatment plans, clinicians may be able to enhance parental responsiveness and promote more effective communication outcomes for children with or at elevated risk for ASD.

The study involved co-design and participatory research processes in designing tools or workflows for capturing and using parent videos. The Parent Responsiveness Coding System (PRCS) was adapted from Yoder et al. (2015), indicating that the researchers collaborated with experts to develop a reliable method for coding parent responsiveness. Additionally, the use of multiple raters, including a primary coder, a reliability coder, and a master coder, suggests a participatory approach to ensuring inter-rater reliability.

The study provides several conclusions, best practices, and recommendations for future research or clinical implementation involving parent-captured videos. Firstly, it highlights the importance of parent verbal responsiveness (PVR) in mediating the relationship between child hyporeactivity and communication outcomes. This suggests that by improving parent-child interactions, clinicians may be able to support better communication skills in children with or at risk for Autism Spectrum Disorder (ASD).

The study emphasizes the significance of using multiple methods to confirm results, including both observational and parent-reported measures. This approach can help eliminate bias associated with single-method assessments and provide a more comprehensive understanding of child behaviors and outcomes.

In terms of recommendations for future research, the study suggests that further investigation is needed to explore the potential mediating role of PVR in the association between child sensory hyporeactivity and communication outcomes. This may involve examining the effects of parent-mediated interventions on PVR and subsequent communication skills in children at risk.

For clinical implementation, the study's findings suggest that parent-mediated interventions focusing on enhancing parental responsiveness may be a valuable strategy for improving communication skills in children at risk. Clinicians can use the Parent Responsiveness Coding System (PRCS) to assess PVR and tailor interventions to address specific areas of need.

The population group involved in this study consists of children and their parents or caregivers, although it does not specify whether clinicians were also part of the sample. The sample size is not explicitly stated as being large enough to allow for complex statistical explorations of additional variables, but it is mentioned that it was adequately powered for the analyses conducted.

The age range of the participants is not specified in the provided context. However, given that the study involves children and their language development, it can be inferred that the age range likely spans from early childhood to possibly late childhood or even early adolescence, depending on the specific focus of the study.

The clinical conditions studied are not explicitly mentioned as being a primary focus of the research, but rather as part of a broader investigation into the mechanisms underlying treatment outcomes in interventions targeting various skill areas. The study appears to be focused on understanding how child hyporeactivity and parent-child interactions relate to language development in children with autism spectrum disorder (ASD) or similar conditions.

The study design is primarily observational, using both lab-administered measures (such as the SPA and MSEL) and parent reports of home behaviors (such as the SEQ and VABS). The use of multiple methods allows for a more comprehensive understanding of the relationships between child hyporeactivity, parent-child interactions, and language development.

The setting in which these observations were made is not specified as being exclusively clinical or home-based. However, it is mentioned that using parent report may be more feasible in clinical settings due to practical considerations such as funding constraints or the need to minimize direct child assessments.

In terms of methodological details, the study uses mediation analyses to assess how AvgPVR (Average Parent Verbal Responsiveness) mediates the relationship between child hyporeactivity on the SPA at Time 1 and MSELLangAvg (Mean Standard Error of Language Average) at Time 2. These analyses were conducted using PROCESS v3.1, a software macro for SPSS that estimates direct and indirect effects in regression models.

The study also reports correlations between SPA Hyporeactivity, MSELLangAvg, and AvgPVR, which are presented in Table 2. Bootstrapped analyses were performed to address potential concerns about normality, reflecting the importance of robust statistical methods in social sciences research where sample sizes can be limited.",Parent responsiveness mediates the association between hyporeactivity at age 1 year and communication at age 2 years in children at elevated likelihood of ASD,fcf3159c1f607d29590ae152d48ff82e,"Studies suggest that lower parent responsiveness is associated with decreased child language abilities. Infants and toddlers later diagnosed with autism spectrum disorder (ASD) often display hyporeactivity to sensory stimuli, which has also been associated with lower child communication abilities and lower parent responsiveness. Yet, whether parent responsiveness mediates the relationship between child hyporeactivity and later communication outcomes remains unexplored. This study is a secondary data analysis of Watson et al. (2017) which includes children (n=83; 56 males) identified via screening as at elevated likelihood of later ASD. Children completed an observational measure of sensory reactivity and a standard developmental assessment at 14 (Time 1) and 23 months old (Time 2). At each time point, parents reported on the child’s adaptive communication behaviors and sensory behaviors, and Parent Verbal Responsiveness (AvgPVR) was coded from parent-child free-play videos. Results indicated that the association between child sensory hyporeactivity at Time 1 (observed and parent-reported) and communication at Time 2 (observed and parent reported) was significantly mediated by AvgPVR. Although child hyporeactivity predicts poor communication outcomes, increased parent verbal responsiveness may attenuate this negative impact. Parent responsiveness, a focus of many parent-mediated"
"The motivations behind parents capturing videos of their children in a home or naturalistic setting, particularly in relation to clinical assessment or diagnosis, are multifaceted. A primary concern is the need for early and efficient diagnosis of Autism Spectrum Disorder (ASD), especially in younger children. The diagnostic process can be lengthy and taxing on both the child and clinician, often resulting in delayed diagnoses.

Parents also recognize the value of capturing videos as a means to provide sufficient behavioral examples and developmental information necessary for a diagnosis, which can be challenging to obtain in a clinical setting. This has led to the exploration of novel telehealth approaches, such as Naturalistic Observation Diagnostic Assessment (NODA), which utilizes home video recordings provided by parents.

The study highlights the importance of accessible telehealth assessments and screening tools for infants and toddlers suspected to have ASD in remote populations, where access to services may be limited. The use of mobile web applications and videoconferencing has been shown to be effective in assessing young children with ASD, particularly in underserved communities.

Furthermore, research suggests that parents are capable of collecting high-quality home videos of their child's behavior, providing sufficient behavioral examples and developmental information necessary for diagnostic criteria. This is supported by previous studies, which have noted the ability of parents to collect video recordings of their child's behavior at home.

The use of parent-captured videos has several advantages, including capturing behaviors in a naturalistic setting, providing a unique perspective on the presentation of the child with ASD, and allowing clinicians to assess children remotely. The evidence provided by studies suggests that parent-captured videos can be an effective tool for supporting diagnosis, treatment planning, and clinical decision-making for individuals with ASD.

However, challenges and limitations have been reported regarding the use of parent-captured videos in clinical practice. Technical concerns include ensuring equal video lengths, arranging essential objects and individuals within the camera frame, and using a tripod to mount the mobile device. Ethical considerations, such as obtaining informed consent from parents before recording their child's behaviors, must also be taken into account.

Privacy-related concerns arise when storing and sharing videos of children with clinicians or researchers. Usability issues may occur if the video capture process is not user-friendly or if the parent is unsure about how to use the mobile application effectively. Additionally, there are limitations in terms of diagnostic accuracy and reliability of parent-captured videos, as well as concerns about potential bias in the recording process.

The study also discusses the impact of parent-captured videos on communication or collaboration between parents and clinicians, particularly in the context of assessing individuals with ASD. The use of videoconferencing and mobile applications has been explored as a means to facilitate remote assessments, providing a unique perspective on the presentation of the child with ASD.

Parents and clinicians have reported positive experiences with the process of recording, sharing, and reviewing parent-captured videos, highlighting the potential benefits of using technology to streamline diagnostic assessments for ASD. The study emphasizes the importance of using technology such as video or mobile application platforms to expand accessibility of assessment services for remote populations, particularly those with limited access to healthcare services due to factors such as rural residence or low socioeconomic status.

The outcomes associated with the use of parent-captured videos include improved diagnostic accuracy, faster assessment, and enhanced understanding of the child's behavior. Studies have shown high sensitivity and specificity for ASD diagnosis when using home video recordings provided by parents, as well as a positive diagnostic agreement rate compared to traditional in-person assessments.

The study involves co-design processes in designing tools or workflows for capturing and using parent videos through the NODA procedure, which was developed with input from parents and clinicians. The application provides instructions to parents on how to introduce specific situations and behaviors, such as pointing at something and directing their attention to it, and also suggests ways to capture each situation efficiently.

The study provides several conclusions, best practices, and recommendations for future research or clinical implementation involving parent-captured videos. Firstly, the study suggests that parent-captured videos can be a valuable tool in assessing individuals with ASD, particularly in remote settings. The use of videoconferencing and mobile applications has been shown to be effective in capturing behaviors in a naturalistic setting.

One key finding is that parents can collect high-quality home videos of their child that provide sufficient behavioral examples and developmental information necessary for diagnostic criteria. This is supported by previous studies, which have explored the use of parent-captured videos in a telehealth approach to diagnosis using the NODA assessment.

The study also highlights the importance of providing parents with guidance on how to capture each situation effectively. For example, mounting the mobile device ahead of time and arranging essential objects and individuals within the camera frame can help ensure that all videos are equal in length and provide clear footage.

In terms of best practices, the study recommends using a tripod to mount the mobile device, arranging essential objects and individuals within the camera frame, and ensuring that all videos are equal in length. Additionally, parents should be able to view the video before uploading or re-recording if needed.

The study also suggests that parent-captured videos can be used as an alternative to traditional in-person assessments, particularly for young children who may have difficulty participating in a traditional assessment setting. This is supported by studies that have examined the feasibility of videoconferencing as a method to screen for neurodevelopmental disabilities in children as young as 12 months.

In terms of recommendations for future research, the study suggests that further investigation is needed to explore the use of parent-captured videos in remote assessments, particularly in diverse populations. Additionally, more research is needed to examine the validity and reliability of parent-captured videos in diagnostic assessments.

The key methodological details reported in the study involve a population group of children from infancy to toddlerhood (ages 0-3 years), who were suspected to have neurodevelopmental delays or disabilities, such as ASD. The sample size varied across studies, with one study involving 222 children and another involving 51 participants.

The age range was consistently reported as between 0 to 3 years of age, with a focus on the youngest age group. Comprehensive reporting of demographic information is essential for future studies, particularly in terms of ethnicity, which was reported in four studies. The majority of participants were from African or African American backgrounds (>93%), while others were Caucasian (41%) and Hispanic (43%).

The study design involved using technology to assess participants remotely, such as mobile devices or videos, with five studies providing outcome data on agreement, sensitivity, and specificity. The technology-based approach was examined in terms of its reliability, accuracy, sensitivity, and specificity, with high agreement found between the paper-based PEDS tools and the MARA screening tool.

The setting for these studies varied, with four conducted in a community-based setting for minority, low-income communities, while three utilized a clinical sample to test the feasibility of the specific technology.",A systematic review of remote telehealth assessments for early signs of autism spectrum disorder- Video and mobile applications.,907d5083ab083c565ba6ca143d9e9754,Results
"The motivations behind capturing videos of children with Autism Spectrum Disorder (ASD) in naturalistic settings are multifaceted and centered on improving parent-child interactions. By analyzing these video recordings, clinicians can gain valuable insights into the dynamics between mothers and their children during joint engagement, a critical aspect of maintaining positive and engaging interactions.

One key finding from the study is that parents may need to adjust their pacing or rate of input to maintain joint engagement with their child. If they provide too much or too little input, the child may default to being object engaged or unengaged. This highlights the importance of understanding how child characteristics and behaviors affect time in joint engagement.

Furthermore, the study emphasizes that parents' perceptions of their own input and its impact on the child's engagement are crucial. Some mothers reported needing to adjust their pacing to keep their child engaged, underscoring the significance of this aspect of parent-child interactions.

The use of parent-captured videos has several benefits in clinical practice. Firstly, these recordings provide valuable insights into interaction patterns between parents and children with ASD, which can inform targeted interventions. By analyzing video data, clinicians can identify potential areas for improvement, such as adjusting the frequency or intensity of input to better support the child's engagement.

Moreover, parent-captured videos offer a unique opportunity to examine the impact of child characteristics and behaviors on joint engagement. For instance, research has shown that children with ASD may struggle to process and respond to adults' input due to their cognitive limitations, which can affect their ability to engage in joint activities.

The study also highlights the importance of understanding how parent-child interactions during joint engagement can be improved through targeted interventions. By analyzing video recordings of mother-child interactions, researchers can gain a better understanding of how children with ASD respond to adults' input and identify areas for improvement in parent-mediated interventions.

In terms of clinical implementation, the study's findings have significant implications for the development of early intervention programs for children with ASD. Healthcare professionals can use the insights gained from this study to design more effective parent-child interaction therapies that cater to the individual needs of each child.

The study involved a population group consisting of 58 mother-child dyads where both the mothers and their children had autism spectrum disorder (ASD). The sample size was 58, and the age range of the children was between 2 to 4 years. The clinical condition studied was ASD, and the study design was observational, using video recordings of 10 minutes of free-play between the mother-child dyads.

The use of parent-captured videos in clinical practice has several challenges, barriers, and limitations. One major limitation is the potential for biased or inaccurate representations of parent-child interactions. For instance, mothers may be more likely to capture moments when their child is engaged rather than disengaged, which could skew the data and lead to incorrect conclusions about joint engagement rates.

Another challenge is the issue of privacy and confidentiality. Parent-captured videos often contain sensitive information about the child's behavior, communication style, and emotional state, which must be protected from unauthorized access or disclosure.

In terms of technical concerns, there may be issues with video quality, lighting, sound, or editing that can affect the accuracy and reliability of the data. Additionally, the process of coding and analyzing the videos can be time-consuming and labor-intensive, requiring specialized training and expertise.

Usability concerns also arise when using parent-captured videos in clinical practice. For example, clinicians may need to invest significant time and effort into reviewing and interpreting the videos, which can be a barrier to implementation, particularly in settings with limited resources or high caseloads.

Furthermore, there is a risk of over-reliance on video data, which may not capture the full complexity of parent-child interactions. Clinicians must consider multiple sources of information when making assessments and developing interventions, rather than relying solely on video recordings.

Finally, there are ethical considerations to be taken into account when using parent-captured videos in clinical practice. For instance, clinicians must ensure that parents understand the purpose and potential uses of the videos, as well as their rights and responsibilities regarding data protection and confidentiality.

The study's findings have significant implications for the development of early intervention programs for children with ASD. By understanding how child characteristics and behaviors affect time in joint engagement, clinicians can identify targets for parent-mediated early interventions that cater to the individual needs of each child.

In terms of best practices, the study suggests that parents should aim to maintain an optimal pace of input when engaging with their children with ASD. This may involve adjusting their behavior to match the child's processing abilities and responding to their needs in a timely manner.

Furthermore, the study recommends that future research focus on developing more effective parent-mediated interventions that take into account the unique characteristics of each child with ASD. By doing so, researchers can provide parents with evidence-based strategies for improving joint engagement and promoting positive outcomes for children with ASD.

In terms of clinical implementation, the study's findings have significant implications for the development of early intervention programs for children with ASD. Healthcare professionals can use the insights gained from this study to design more effective parent-child interaction therapies that cater to the individual needs of each child.

The study involved a co-design and participatory research process in designing tools or workflows for capturing and using parent videos. The researchers conducted a sample intervention study with 58 mother-child dyads, where the mothers were instructed to play as they typically would do, but encouraged to try to keep themselves and their child in the range of joint engagement.

The study also involved stakeholder engagement processes, where the researchers worked closely with 10 Child and Adolescent Mental Health Clinics in East and West Norway to identify children for the intervention study. The clinics provided essential information about the children's characteristics and behaviors, which was used to inform the design of the study.

Furthermore, the researchers conducted double coding of 16-21% randomly selected mother-child play recordings using intraclass correlation coefficients estimates (two-way mixed model - absolute agreement, single measures) to ensure inter-rater reliability. This process allowed them to accurately capture and analyze the behaviors of mothers and children with ASD during joint engagement.

The study's design and methodology demonstrate a commitment to co-design and participatory research processes, which are essential for developing effective interventions that address the unique needs of families affected by autism spectrum disorder.

In conclusion, the study provides valuable recommendations for future research and clinical implementation involving parent-captured videos. By building on these findings, researchers and clinicians can work together to develop more effective interventions that improve joint engagement and outcomes for children with ASD.",Early interaction in autism spectrum disorder Mothers' and children's behaviours during joint engagement,adccbcd87330062566350f31d0075199,"2Department of Special Needs Education, University of Oslo, Oslo, Norway"
"Parent-captured videos have emerged as a valuable tool for clinicians and healthcare providers to support diagnosis, treatment planning, and clinical decision-making. The primary motivations behind using these videos are centered around understanding the effectiveness of Parent-Child Interaction (PCI) therapy and assessing child development progress.

Research has shown that analyzing mother-child interactions through video recordings can provide crucial insights into the dynamics between parents and children. By examining behaviors before and after PCI therapy, researchers can identify key factors that predict intervention success. Specifically, studies have found that parenting stress, level of completion of training at home, and mother-child dyadic synchrony are significant predictors of PCI therapy's efficacy.

The use of parent-captured videos also enables clinicians to assess various aspects of child development, including adaptive behavior, gross motor behavior, language behavior, fine motor behavior, and personal-social behavior. Moreover, these videos can be used to evaluate the effectiveness of interventions such as PCI by assessing changes in parent-child interaction patterns over time.

One notable study utilized machine learning algorithms and hierarchical multiple regression analyses to explore the effect of potential predictors on intervention efficacy. The results indicated that these methods can accurately predict and monitor the effectiveness of PCI therapy. Furthermore, the study found that PCI not only contributes to reducing mothers' stress but also improves their skills in interacting with their children.

The benefits associated with using parent-captured videos include improved diagnostic accuracy, faster assessment, and enhanced understanding of the child's behavior. Specifically, analysis of video-recorded mother-child interactions revealed significant gains in the level of child positive engagement and a reduction in child-object engagement. Additionally, mothers' skills were found to improve, with an increase in the level of positive engagement and a reduction in the level of negative engagement.

However, challenges and limitations have been reported regarding the use of parent-captured videos in clinical practice. Technical concerns include the need for specialized software like Observer XT 12.0 for coding, which may not be widely available or accessible to all clinicians. Ethical considerations also arise from issues related to privacy and confidentiality, particularly when working with vulnerable populations such as children with Autism Spectrum Disorder (ASD) and their caregivers.

Usability concerns also arise from the requirement for extensive training in using video recording equipment and software, which can be a barrier to adoption by clinicians who may not have the necessary expertise. Furthermore, there are limitations related to generalizability, as most studies focus specifically on mothers of children with ASD and do not include fathers or other caregivers.

The study highlights the importance of considering both maternal and child characteristics when analyzing video-recorded parent-child interactions. This suggests that researchers should focus on a comprehensive approach to understanding the dynamics between parents and children. The findings also emphasize the need for longitudinal studies to determine whether gains from interventions like PCI are maintained over time and translate into meaningful cognitive and behavioral outcomes.

In terms of clinical implementation, the study's findings suggest that caregivers, particularly mothers, play a crucial role in determining the efficacy of interventions like PCI. Therefore, clinicians should prioritize supporting caregivers through training programs and other resources to enhance their skills and reduce stress levels.

The population group involved in the study was mothers of children with Autism Spectrum Disorder (ASD), specifically focusing on both maternal and child characteristics as predictors of the intervention's efficacy. The sample size is not explicitly stated, but it can be inferred that a sufficient number of participants were recruited to allow for meaningful statistical analysis.

The age range of the children involved in the study is not specified, but given that PCI (Parent-Child Interaction) is mentioned as the main intervention for children of this age in the research team's practice, it can be assumed that the children are likely within a specific developmental stage, possibly preschool or early school age.

The clinical conditions studied were ASD symptoms and their impact on parent-child interaction. The study design involved a pre-post design with data collected at baseline (T1) and post-intervention (T2), allowing for an examination of changes in outcomes following the intervention.

The setting for the study was likely a home-based or clinic-based environment, given that video-recorded parent-child interactions were analyzed as part of the study. The use of machine learning algorithms and hierarchical multiple regression analyses suggests a quantitative approach to data analysis, with a focus on identifying predictors of intervention efficacy from both maternal and child perspectives.

Statistical Analysis
The statistical methods used in the study included paired t-tests for normally distributed data and non-parametric tests for variables that did not meet normal distribution criteria. Hierarchical multiple regression analyses were performed to explore the effect of potential predictors on intervention efficacy, with variables categorized into three groups: children's factors, mothers' factors, and mother-child interaction factors.

The study found significant reductions in parenting stress (PSI) and mother-child dysfunctional interaction subscales following the PCBI intervention. However, no significant change was observed in the mother's self-efficacy level at pre-intervention and post-intervention.",Predictors of Change in Play-Based Communication and Behavior Intervention for High-Risk ASD The Role of Mother-Child Dyadic Synchrony,3fd260df314698b2fc451b56c5b07cec,
"The motivations behind capturing videos of children in a naturalistic setting, particularly in relation to clinical assessment or diagnosis, include the desire to engage families in video-based feedback (VF) without relying on specific technology at home or internet access. This need is driven by the benefits of using technological tools, such as 360-degree cameras and tablets, which can be easily transported and executed, thereby bolstering caregiver and clinician adherence to intervention implementation.

Parents value capturing and receiving feedback on their interactions with their children in naturalistic settings, as it helps them understand themselves and their children better. Furthermore, caregivers reported that VF helped them identify areas for improvement and provided a sense of accomplishment when they were able to implement strategies learned from previous sessions.

The study highlights the importance of flexibility and individualization in the protocol, with families requesting modifications such as text reminders, recording videos on personal devices, and an individualized approach to homework. These requests demonstrate that parents are motivated by the opportunity to engage actively in their child's treatment plan and to receive personalized feedback and support.

Clinicians also reported high levels of satisfaction with VF, finding it helpful in teaching parent concepts (mean rating: 7.71 out of 10) and indicating that the video informed or directed their coaching sessions approximately 64% of the time. These findings suggest that both parents and clinicians benefit from the use of VF in clinical assessment and diagnosis, highlighting its potential as a valuable tool for improving treatment outcomes.

Parent-captured videos are utilized by clinicians or healthcare providers to support diagnosis, treatment planning, or clinical decision-making in several ways. Clinicians use these videos to review and analyze the interactions between caregivers and their children, providing valuable insights into the child's behavior and the caregiver's ability to implement strategies learned from previous sessions. The videos can be used to inform or direct parent coaching sessions, with clinicians reporting that they worked collaboratively with caregivers to select home recording activities for 83% of the sessions.

The effectiveness of parent-captured videos in supporting diagnosis, treatment planning, or clinical decision-making is supported by several pieces of evidence. Clinicians reported that the videos were significantly more helpful (mean rating: 7.71 out of 10) when working with families whose sessions were held both in the home and in the clinic, indicating that VF can be an effective way to support parent-child interactions in naturalistic settings.

Caregivers also reported high satisfaction with the video feedback component, with all caregivers stating that they would recommend it to other families. Moreover, caregivers reported that the videos helped them understand themselves and their children better, and that they enjoyed capturing and receiving feedback on their interactions in naturalistic settings.

The study involved co-design, participatory research, and stakeholder engagement processes in designing tools or workflows for capturing and using parent videos through several mechanisms. Firstly, clinicians and caregivers collaboratively identified three 10-min activities and routines that caregivers could carry out with their child at home the week prior to review, indicating a level of participation and engagement from both stakeholders.

The study provides several conclusions, best practices, and recommendations for future research or clinical implementation involving parent-captured videos. Firstly, the study suggests that video feedback (VF) is a valuable tool in teaching parents concepts and informing their coaching during home sessions. Secondly, the study highlights the importance of caregiver motivation and engagement in incorporating VF into daily routines.

Finally, the study emphasizes the importance of caregiver feedback and input in shaping the protocol and implementation of VF. Caregivers requested modifications to the protocol, including text reminders, individualized approaches to homework, and flexibility in choosing routines for recording. These findings suggest that caregivers should be actively involved in the design and implementation of VF interventions to ensure their practicality and acceptability.

The study's population group consists of children with autism spectrum disorder (ASD), as indicated by the use of specific assessment tools such as the Brief Observation of Social Communication Change (BOSCC), Mullen Scales of Early Learning (MSEL), and Vineland Adaptive Behavior Scales (VABS). The sample size is not explicitly stated, but it can be inferred from the text that there are 14 children in the NDBI group, with 6 children in the NDBI VF subgroup.

The study design involves a comparison between two groups: the NDBI group, which received standard care consisting of group-based clinician-mediated intervention and individual parent-coaching sessions, and the NDBI VF group, which received an additional video feedback component. The setting for the study is primarily clinical, with some home-based interventions.

The study uses non-parametric statistics to compare treatment effects between groups. Specifically, the Kruskal–Wallis test is used to examine differences in outcome measures between the NDBI VF and NDBI groups at intervention entry, while the Wilcoxon signed-rank test is used to examine significant change within each treatment group as well as across both groups.

The study also reports on fidelity ratings for clinician treatment implementation of NDBI and VF approaches. Clinicians were required to meet modified criteria on the ESDM fidelity rating at data collection, with a mean score of 80% on two consecutively coded joint activity routines. Fidelity for VF was collected quarterly or when a clinician was assigned to a new child randomized to the VF group.

Finally, the study reports on the acceptability of the video feedback component, as measured by clinician ratings of helpfulness and fidelity. Clinicians reported that 64% of the time, the video informed or directed their most recent parent coaching session, and they worked collaboratively with caregivers to select home recording activities for 83% of the sessions.

Overall, the study provides a foundation for future research on the use of parent-captured videos in clinical settings, highlighting the potential benefits and challenges of this approach and providing recommendations for best practices and future directions.",Implementation of Video Feedback Within a Community Based Naturalistic Developmental Behavioral Intervention Program for Toddlers With ASD- Pilot Study,9fe67537f51c5204410ada66e3a40217,
"The motivations behind parents capturing videos of their children in naturalistic settings are multifaceted and driven by both personal and altruistic interests. On one hand, parents may be motivated by a desire to document and preserve memories of their child's early development, as evident from the fact that these videos were recorded as part of the family archive without any prior knowledge of potential neurodevelopmental outcomes. This suggests that parents are primarily driven by a general interest in capturing milestones and special moments from their child's life.

However, upon closer examination, it becomes clear that there is also an underlying need for clinical assessment or diagnosis. The study highlights the importance of early detection and intervention in cases where children exhibit autistic behaviors. By analyzing home videos, researchers can identify subtle signs or behaviors that may not be immediately apparent to parents but could potentially indicate a higher risk of developing autism spectrum disorder (ASD). This underscores the significance of parent-captured videos as a valuable tool for clinicians to support diagnosis, treatment planning, and clinical decision-making.

Furthermore, the fact that these videos were donated by families for the assessment of movements, posture, and socio-communicative behavior during the first 6 months of life suggests that parents are motivated by a desire to contribute to research that may ultimately benefit their own child or others with similar needs. This altruistic motivation is likely driven by a sense of responsibility to help advance our understanding of ASD and improve early detection and intervention strategies.

The study's reliance on home videos as a data source also highlights the importance of parent-reported information in clinical assessment and diagnosis. Parents are often the first to notice changes or concerns about their child's development, and their observations can provide valuable insights into a child's behavior and developmental trajectory. By incorporating parent-reported data into clinical assessments, healthcare providers can gain a more comprehensive understanding of a child's needs and develop more effective treatment plans.

Parent-captured videos are utilized by clinicians or healthcare providers to support diagnosis, treatment planning, or clinical decision-making in several ways. Firstly, these videos provide a unique opportunity for clinicians to observe and assess an infant's behavior, including their movements, posture, and socio-communicative behavior, over time. This can be particularly useful in identifying subtle signs of autism spectrum disorder (ASD) that may not be apparent through other diagnostic methods.

The videos can also help clinicians evaluate the duration and quality of eye contact, which is a hallmark of ASD, as well as assess preferential looking behaviors. Additionally, parent-captured videos can provide valuable information on an infant's developmental trajectory, allowing clinicians to identify potential red flags for neurodevelopmental disorders early in life.

The effectiveness of using parent-captured videos in clinical decision-making has been supported by the results of this study, which found that even though parents may not have recognized certain behaviors as indicative of ASD, these behaviors were still evident on video recordings. Furthermore, the study's findings suggest that parent-captured videos can be a useful tool for clinicians to identify early signs of autism and other neurodevelopmental disorders, potentially leading to earlier diagnosis and intervention.

However, there are limitations to using parent-captured videos in clinical decision-making. For example, these videos may not always capture all behaviors or developmental milestones, particularly if they are discontinuous or reflect only pleasant memories. Nevertheless, the benefits of using parent-captured videos in clinical practice far outweigh their limitations, and they should be considered as a valuable tool for supporting diagnosis, treatment planning, and clinical decision-making.

The use of parent-captured videos in clinical practice is hindered by several challenges and limitations. One major concern is the sample selection bias, as the footage used in this study was provided by families with a personal connection to the researcher, which may not be representative of the broader population of toddlers with autistic behaviors.

Another limitation is the technical aspect of video analysis, where certain recordings are not suitable for assessing specific behaviors due to factors such as incomplete limb visibility or discontinuous footage. For instance, reliably evaluating Gross Motor Skills (GMs) requires a video recording of an infant in a supine position with all limbs observable, which was not available for all infants.

Furthermore, parent-captured videos often reflect situations that parents want to remember fondly, rather than accurately representing the child's daily behaviors and interactions. This can lead to incomplete or biased information, as some conspicuous behaviors or signs may be overlooked by parents or considered harmless.

Additionally, the use of home videos in clinical practice raises ethical and privacy concerns, particularly when dealing with sensitive topics such as autistic behaviors. The study highlights the importance of obtaining informed consent from parents before using their video recordings for research purposes.

Lastly, the usability of parent-captured videos is limited by the discontinuous nature of the footage, which can make it difficult to assess certain behaviors or interactions in a comprehensive manner. This limitation is particularly relevant when trying to evaluate complex behaviors such as eye contact duration or preferential looking, which require continuous observation and analysis.

The study discusses the impact of parent-captured videos on communication or collaboration between parents and clinicians, specifically in relation to the diagnostic or care process for toddlers exhibiting autistic behaviors. The researchers analyzed 314 minutes of video footage from 18 male infants who later developed autistic behaviors, with a focus on their movements, posture, and socio-communicative behavior during the first six months of life.

The study's findings suggest that parent-captured videos can provide valuable insights into an infant's development, even if the parents themselves are not aware of any potential issues. The researchers note that some conspicuous behaviors or signs may be visible in the video footage but unrecognized by the parents, who often only capture pleasant memories rather than everyday interactions.

The study implies that parent-captured videos can facilitate communication and collaboration between parents and clinicians, as they provide a more nuanced understanding of an infant's development. By analyzing these videos, clinicians can identify potential red flags for autistic behaviors earlier in life, which may inform their diagnostic or care process. However, the study also acknowledges limitations, including sample selection bias and the discontinuous nature of home video recordings.

Overall, the study highlights the potential value of parent-captured videos as a tool for early detection and intervention in toddlers with autistic behaviors, suggesting that they can influence the diagnostic or care process by providing clinicians with more comprehensive information about an infant's development.

The study does not provide any specific design recommendations, user-centered features, or digital tools to facilitate easier or more effective video capture and sharing by parents. However, it highlights some limitations associated with using home videos for research purposes, such as their discontinuous nature and the fact that they mainly reflect situations that parents would like to keep as pleasant memories. This suggests that there may be a need for design recommendations or digital tools that can help parents capture more comprehensive and representative footage of their child's behavior, particularly in situations where the child is engaging in behaviors that are not typically considered ""pleasant"" or ""memorable.""

Parents and clinicians reported that parent-captured videos often reflect situations that parents want to remember as pleasant, but may not accurately represent the child's daily experiences or behaviors. Some conspicuous behaviors or signs that are unrecognized by parents or considered harmless may still be visible in these videos.

The study also underscores the importance of considering the limitations of home videos when interpreting results. Researchers should be aware of potential biases and take steps to mitigate them, such as using multiple scorers and controlling for sample selection bias.

In terms of best practices, the study suggests that researchers should prioritize the analysis of GMs and other motor behaviors in parent-captured videos. Additionally, they should consider using more objective measures of development, such as video recordings of infants in standardized settings (e.g., supine with all limbs observable).

Finally, the study highlights the potential for parent-captured videos to be used in clinical implementation, particularly in early intervention programs. By analyzing these videos, clinicians may be able to identify at-risk infants and provide targeted support to prevent or mitigate neurodevelopmental disorders.

The population group involved in this study consists of infants who were later diagnosed with autism spectrum disorders (ASD) or exhibited transient autistic behaviors. The sample size is not explicitly stated, but it appears to be relatively small, consisting of 15 cases and 3 additional cases that did not demonstrate abnormal signs.

The age range of the infants studied spans from birth to six months, with video recordings analyzed at specific intervals: 1-2 months, 3-4 months, and 5-6 months. The clinical conditions studied are ASD and transient autistic behaviors, which improved in socio-communicative functions during pre-school age.

The study design is exploratory, utilizing a retrospective home video analysis approach. This method involves analyzing video recordings of the infants' daily activities, such as feeding, bathing, and playing, to identify early signs of abnormal development.

The setting for the video recordings is primarily home-based, with some recordings taking place in clinics or other settings where caregivers interacted with the infants. The videos were analyzed by three scorers who were unaware of the infants' further development, using a standardized scoring system to evaluate the presence and severity of specific behaviors.

Statistical analysis was performed using Fisher's Exact Test due to the small sample size, with p<0.05 considered statistically significant.

The study provides valuable insights into the use of parent-captured videos in research and clinical practice, highlighting both their potential benefits and limitations.",What do home videos tell us about early motor and socio-communicative behaviours in children with autistic features during the second year of life-An exploratory study,31000d0421a381ff6354c7b17787469a,Background—Little is known about the first half year of life of individuals later diagnosed with autism spectrum disorders (ASD). There is even a complete lack of observations on the first 6 months of life of individuals with transient autistic behaviours who improved in their socio- communicative functions in the pre-school age.
"The motivations behind parents capturing videos of their children in naturalistic settings, particularly for clinical assessment or diagnosis, are likely driven by the need for accurate and early detection of autism spectrum disorder (ASD). Parents can play a crucial role in providing valuable insights into their child's behavior through video recordings, which clinicians can then use to inform diagnostic decisions. By capturing videos of children during everyday activities such as play or mealtime at home, parents can provide a more comprehensive picture of their child's behavior and development, which may not be fully captured through traditional clinical assessments.

The study highlights the importance of using naturalistic settings for assessing ASD symptoms, as this approach can provide a more accurate representation of a child's behavior in real-world situations. By leveraging parent-provided video recordings, clinicians can gain a better understanding of a child's strengths and challenges, which can inform the development of targeted interventions and support plans.

Moreover, parents are motivated to participate in video-based assessments because they want to provide their children with the best possible care and support. By contributing to the assessment process through video recordings, parents can help clinicians make more informed decisions about their child's diagnosis and treatment plan, which can ultimately lead to better outcomes for children with ASD.

The study emphasizes that parent-captured videos are a valuable tool for clinicians, providing an efficient and effective means of supporting diagnosis, treatment planning, or clinical decision-making. The Cognoa video assessment module involves parents uploading 2-3 mobile videos of their child during play or meal time at home, which are then evaluated by minimally-trained analysts who respond to a behavioral questionnaire.

The effectiveness of this approach is demonstrated through the use of data from the 2016 clinical study and the validation of performance improvements using a held-out sample of children collected during 2017. The results show that the new models exhibit a statistically equivalent increase in performance compared to the 2016 sample, indicating the potential of parent-captured videos as a valuable tool for clinicians.

The video module's classification model is trained on data from ADOS sessions administered by clinicians in standardized clinical settings, using gradient boosted decision trees to identify key behavioral features. The questionnaires used by video analysts are designed to probe for similar features, allowing the module to make predictions even when certain features are not observable in the short videos uploaded by parents.

However, there are challenges and limitations associated with the use of parent-captured videos in clinical practice. Technical concerns include poor video quality or inadequate lighting, which may affect the accuracy of the autism assessments produced by the underlying algorithm. Ethical considerations, such as informed consent from guardians of each child participating in the study, must also be addressed.

Additionally, there are privacy-related concerns, as the videos captured by parents contain sensitive information about the child's behavior and interactions with their environment. Usability concerns have been reported, including potential discomfort or anxiety for parents capturing and uploading videos of their children, particularly if they suspect that their child may be autistic.

The study also highlights the importance of ensuring that clinicians are blinded to the results of the assessment rendered by Cognoa, in order to maintain objectivity and avoid any potential biases in diagnosis. Furthermore, there are limitations related to the reliance on minimally-trained analysts who watch the videos and respond to a behavioral questionnaire, which may not provide a comprehensive understanding of the child's behavior.

The study discusses the impact of parent-captured videos on communication between parents and clinicians, particularly in relation to the diagnostic or care process. The video assessment module consists of a parent uploading 2-3 mobile videos of their child during play or meal time at home, which are then evaluated by minimally-trained analysts who respond to a behavioral questionnaire.

The study highlights the potential for parent-captured videos to influence the diagnostic process. By providing clinicians with video footage of the child's behavior, the video assessment module can help inform their diagnosis and treatment decisions. This can be particularly useful in cases where children are referred for suspicion of autism, as it allows clinicians to assess the child's behavior in a more comprehensive and nuanced way.

The study suggests that the use of parent-captured videos can improve collaboration between parents and clinicians. By providing parents with an opportunity to share video footage of their child's behavior, clinicians can gain a better understanding of the child's needs and develop more effective treatment plans. This can lead to improved communication and collaboration between parents and clinicians, ultimately resulting in better outcomes for children.

The study presents data on the performance of the video assessment module, which shows that it is as fast and easy to use as other autism assessment tools. The results suggest that the video assessment module is a valuable tool for clinicians, particularly when used in combination with other assessment modules.

Parents reported feeling comfortable sharing videos of their children with clinicians, knowing that they would be used to inform diagnostic decisions. They also appreciated the opportunity to provide additional context about their child's behavior through the parent questionnaires. Clinicians reported feeling confident in their ability to use the video assessment module as a valuable tool in their diagnostic process.

The study does not specifically mention any medical or developmental conditions where parent-captured videos are particularly useful or commonly applied, but it highlights the use of video assessment modules for autism assessments based on the responses of minimally-trained analysts who watch the videos and then respond to a behavioral questionnaire.

The outcomes associated with the use of parent-captured videos include improved performance compared to other improvements. The study suggests that a multi-modal approach may be more effective than relying on a single method, as combining modules such as parent questionnaires, video assessments, and clinician evaluations shows improved performance in identifying autism.

The study emphasizes the need for careful data collection and processing to ensure accurate results. The authors describe a methodology for introducing bias and variance to training data to make it statistically similar to video analyst answers, which can help improve the generalizability of the improvements.

In terms of clinical implementation, the study suggests that parent-captured videos can be used as a valuable tool in primary care settings, such as pediatrician's offices. The clinician questionnaire module shows promising results when combined with other modules.

The population group involved in this study consists of young children, specifically those between 18 months and six years old, who are being assessed for various clinical conditions. The sample size is a total of 375 participants, with 162 enrolled in 2016 and an additional 213 enrolled in 2017.

The age range of the participants is divided into two groups: children under four years old and those between four to six years old. This division is based on the assumption that different assessment tools may be more suitable for each age group, as indicated by the separate clinician questionnaires prepared for each group.

The study design is a validation study, where the performance of the parent, video, and clinician modules is evaluated using ROC curves. The setting in which the assessments were conducted is not specified, but it can be assumed that they took place in clinical settings, given the involvement of clinicians and the use of established screening tools.

The Cognoa mobile app was used to collect data from parents through questionnaires and video assessments, while clinicians completed a separate questionnaire. The clinicians were blinded to the results of the assessment rendered by Cognoa, which suggests that the study aimed to evaluate the performance of the Cognoa modules independently of clinician input.

The study also involved several methodological improvements, including tuning of model thresholds, training combination modules, and performing feature selection for the clinician module. These changes were made based on learnings from a previous publication using the same clinical enrollment cohort.

Overall, the study provides a framework for using parent-captured videos in autism assessments, highlighting the potential benefits of a multi-modal approach and emphasizing the need for careful data collection and processing.",Multi-modular AI Approach to Streamline Autism Diagnosis in Young Children,bc50357456828051443be62c031f5e99,
"The motivations behind capturing videos of children in a home or naturalistic setting, particularly for clinical assessment or diagnosis, are likely driven by the need to understand child development, especially in children with Autism Spectrum Disorder (ASD). By recording parent-child interactions during free play, researchers can investigate how parents respond to their children's behaviors, including musical engagement, and whether these responses differ from verbal communicative acts. This information can be used to inform clinical assessment or diagnosis by providing insights into the child's social and communication skills as well as the quality of parent-child interactions.

Furthermore, understanding parental responsiveness in supporting children's play and development is crucial. By examining how parents use contingent imitation versus modeling during play interactions, researchers can gain a better understanding of effective parenting strategies that promote child engagement and development. This knowledge can be used to inform clinical interventions or therapies aimed at improving parent-child relationships and promoting positive outcomes for children with ASD.

The study highlights the need for reliable and valid coding schemes to assess parental responsiveness and child behavior in naturalistic settings. The use of partial-interval sampling and inter-rater reliability checks ensures that the data collected is accurate and trustworthy, providing a robust foundation for future research and clinical applications.

Parent-captured videos are utilized by clinicians or healthcare providers to support diagnosis, treatment planning, or clinical decision-making through a detailed analysis of parent-child interactions. These videos can provide valuable insights into the quality and effectiveness of parental responsiveness, which is critical for children with Autism Spectrum Disorder (ASD). By examining the parent's verbal and nonverbal responses during play sessions, clinicians can assess the child's attentional leads and corresponding parent responses as well as the success of the parent's interactions in supporting the child's engagement.

The videos are typically coded using a partial-interval sampling schema, which involves segmenting the observation session into fixed-duration intervals to mark the presence of key behaviors. This coding process allows clinicians to identify patterns and trends in parental responsiveness that may be indicative of effective or ineffective interaction strategies.

One potential limitation of parent-captured video analysis is the lack of qualification for ""success"" of parent responses, which could be addressed through future studies examining specific aspects of parental play interactions, such as contingent imitation versus modeling. Additionally, measuring child reactions to parent responses would provide further insight into how children with ASD respond differentially to parents' nonverbal and verbal communication acts.

The effectiveness of parent-captured video analysis in supporting diagnosis, treatment planning, or clinical decision-making is supported by the fact that it allows clinicians to assess parental responsiveness in a naturalistic setting, which can be more informative than standardized assessments. By analyzing these videos, clinicians can gain a better understanding of the child's strengths and challenges as well as the parent's interaction style, which can inform treatment planning and improve outcomes for children with ASD.

Technical limitations and challenges in using parent-captured videos in clinical practice include issues related to camera angles and visibility of child or parent behavior. For instance, intervals were considered uncodable if child or parent behavior was out of view, interruptions occurred, or the child exhibited significant distress or disruptive behavior that would require behavior modification/comforting.

Ethical concerns arise from the fact that some children may exhibit significant distress or disruptive behavior during video recording sessions, which could be emotionally taxing for both the child and the researcher. Additionally, there is a lack of consideration for the ""success"" of parent responses in the current study's coding schema, with potential implications for future research on parental responsiveness.

Privacy-related concerns are also relevant, particularly given that some children may exhibit behaviors during video recording sessions that could be considered sensitive or personal. Furthermore, the use of two separate teams of coders to complete the coding process raises questions about data security and confidentiality.

Usability concerns are evident in the fact that it was not feasible to measure child reactions to parent responses due to camera angle constraints. This limitation highlights potential issues with the design of video recording sessions for clinical practice, particularly when attempting to capture nuanced interactions between parents and children.

Finally, there is a need for more detailed analysis of parental responsiveness, including the use of contingent imitation versus modeling as well as investigation into whether those play interactions are sustained or reciprocated by the child. This would allow for a more comprehensive understanding of how parents support their child's play in clinical practice settings.

The study discusses the impact of parent-captured videos on communication between parents and clinicians, but it does not directly address collaboration between them. However, it does examine how musical engagement influences verbal and nonverbal intentional communication between parent and child with Autism Spectrum Disorder (ASD), which is an important aspect of the diagnostic or care process.

The study suggests that children with ASD may differentially respond to parents' nonverbal communication acts compared to their verbal communicative acts, highlighting the significance of understanding how musical engagement impacts parental responsiveness. By investigating this relationship, clinicians can better structure musical activities for clinical intervention and improve parent-child interactions.

Furthermore, the study implies that measuring child reactions to parent responses would allow for a deeper understanding of whether children with ASD respond differently to parents' nonverbal communication acts compared to their verbal communicative acts. This knowledge could inform the development of more effective interventions that take into account the unique needs of children with ASD and their families.

The study also notes that future research should examine these patterns in parent-child dyads with neurotypical children or children with other disabilities to determine if music engagement impacts behaviors similarly regardless of diagnosis or communication needs. This would provide valuable insights for clinicians working with diverse populations and help tailor interventions to meet the specific needs of each family.

Overall, while the study does not directly address collaboration between parents and clinicians, it highlights the importance of understanding how musical engagement influences parental responsiveness and child reactions, which can ultimately inform more effective diagnostic and care processes.

The study does not explicitly mention any design recommendations or user-centered features that aim to facilitate easier or more effective video capture and sharing by parents. However, it is worth noting that the study did record sessions with two video cameras to capture as much of the session as possible, which could be seen as a practical consideration for facilitating video capture.

Parents and clinicians reported that children with ASD differentially responded to parents' nonverbal communication acts, such as during physical play responses, compared to verbal communicative acts. However, due to the constraints of the free play task, it was not feasible to measure child reactions to parent responses, such as via eye contact. An additional limitation of this study is that the parental responsiveness coding schema did not qualify the ""success"" of the parent response, and future studies could examine how parents were supporting their child's play and whether those interactions were sustained or reciprocated by the child.

The study does not provide information on the specific population group studied. However, it mentions that the sample size was relatively small, consisting of only 12 parent-child dyads, which may limit the generalizability of the findings. The study design involved an exploratory correlational analysis to investigate the relationship between children's language level and their attentional leads, musical engagement, or their parents' level of responsiveness.

The clinical conditions studied were ASD, with all participating children having confirmed diagnoses via clinical best estimate from a comprehensive evaluation. The setting for the study was not explicitly stated, but it appears that the data collection took place in a preschool or research center environment.

The study design involved comparing parental responsiveness to musical versus non-musical leads, with results indicating no significant difference between overall parental responsiveness to musical and nonmusical leads. However, parents made significantly more physical responses to children's musical engagement leads than nonmusical engagement leads, while making fewer verbal responses to children's musical engagement leads compared to nonmusical engagement leads.

The study used various methods for data analysis, including t-tests and exploratory correlational analyses using RStudio software. The results of the study provide insights into parental responsiveness to musical versus non-musical leads in children with ASD, highlighting potential differences in physical and verbal responses.

In conclusion, parent-captured videos can provide valuable insights into the quality and effectiveness of parental responsiveness for children with Autism Spectrum Disorder (ASD). However, technical limitations and challenges in using these videos in clinical practice must be addressed. Future research should focus on examining specific aspects of parental play interactions, such as contingent imitation versus modeling, and measuring child reactions to parent responses. By doing so, clinicians can develop more effective interventions that take into account the unique needs of children with ASD and their families.",Parental responsiveness during musical and non-musical engagement in preschoolers with ASD,77bcba46ddaa68a9fdbd197be5ec8c67,"Background: Parent-child play interactions offer an important avenue for supporting social development in children with autism spectrum disorder (ASD). Musical play is a natural and ubiquitous form of parent-child play. As a familiar, reinforcing, and predictable activity, musical play may support parent-child interactions by scaffolding children’s attention to the play activities, while also providing parents with a familiar and accessible context to promote parental responsiveness. However, musical play may also impede interactions due to its sensory and repetitive components."
"Parent-captured videos have emerged as a valuable tool in supporting diagnosis, treatment planning, and clinical decision-making in early intervention services. These videos allow clinicians or healthcare providers to assess parent-child interactions, identify areas for improvement, and develop targeted interventions. By providing parents with a unique perspective on their interactions with their children, video-recordings can help parents gain insight into themselves and their child's behavior, leading to improved parenting practices and better outcomes for the child.

Research has shown that using video-recorded interactions as part of parent coaching can improve parent outcomes (Carter et al., 2011; Green et al., 2010; Poslawsky et al., 2015). The use of video models has also been supported by research, with many parents crediting these examples for helping them learn strategies to engage with their children and implement intervention techniques effectively.

However, some parents may experience discouragement when viewing video examples from other parent-child dyads. This can be due to feelings of inadequacy or frustration when comparing their own child's development to others. To mitigate this effect, it is essential to carefully select videos as examples for individual families, ensuring that they represent a wide range of skill sets and developmental levels.

The benefits associated with the use of parent-captured videos include improved understanding of oneself and one's child's behavior, enhanced learning of intervention strategies, and increased confidence in implementing these strategies. Parents reported that watching video-recordings of themselves interacting with their children helped them identify areas where they were connecting with their child, even on days when playtime seemed unsuccessful.

Moreover, the study highlights the value of using video models in promoting parent learning. Many parents found the video examples or models of other parents demonstrating how they mediated their toddlers' learning to be helpful in several ways: they provided new ideas for activities, helped parents decide on activities for the coming week, and offered strategies to engage with their children.

To ensure that parent-captured videos are used effectively, it is crucial to consider individual family needs and circumstances when selecting videos as examples for them. This involves tailoring video examples to meet the specific requirements of each family, taking into account their unique strengths and challenges.

The study's findings have significant implications for future research and clinical implementation, highlighting the need for careful consideration of individual family needs and circumstances when selecting videos as examples for them. By providing parents with a range of video examples that are carefully selected to meet their specific needs, clinicians or healthcare providers can promote parent learning and improve early intervention service delivery.

In terms of best practices, the study suggests that providing parents with a range of video examples can be helpful in demonstrating skills and strategies, as long as they are carefully selected to meet individual family needs. The use of parent-captured videos also allows parents to learn from their own interactions with their children, which can be a powerful tool for promoting parent learning.

The study's methodological details include a targeted purposive sample of participants, who were parents of toddlers with Autism Spectrum Disorder (ASD) from one site of a multisite randomized controlled trial. The sample size is not specified, but it is mentioned that the first author conducted individual interviews with a subset of these parents. The age range of the children involved in the study is not provided.

The clinical condition studied is ASD, and the study design used was qualitative research, specifically an open exploratory approach. This included deductive and inductive logic in data analysis and multiple interviews to obtain various participant perspectives. The setting for the interviews was the home, where the first author conducted face-to-face conversations with parents.

Overall, the study provides valuable insights into the potential benefits and challenges of using video-recorded interactions in parent coaching and early intervention services. Its findings have significant implications for future research and clinical implementation, highlighting the need for careful consideration of individual family needs and circumstances when selecting videos as examples for them.",Parents' Voices Regarding Using Interventions for Toddlers With Autism Spectrum Disorder,a8c40294dfbc11b36c276f899b24acc4,"Keywords parent-implemented intervention, parent perspectives, autism spectrum disorder, qualitative"
"The motivations behind parents capturing videos of their children in a home or naturalistic setting, particularly in relation to clinical assessment or diagnosis, are multifaceted. A primary concern is maximizing opportunities for evaluation while minimizing costs and burdens on families. This can be achieved through the use of video-recorded observations, which can be taken by the family themselves or via live streaming video systems, allowing participation in screening without invasive evaluations.

Observing a child's behavior in their natural environment provides a unique perspective on their daily activities and interactions, which may not be accessible to practitioners otherwise. This is particularly relevant for families who may not have access to scheduled clinical evaluations or prefer not to participate in them. By capturing a child's behavior in their home environment, parents can provide valuable insights into their child's daily routines and interactions, which can inform diagnostic decisions.

The use of video-recorded observations can also help build consensus with families on the early signs of Autism Spectrum Disorder (ASD), a critical aspect of diagnosis and treatment planning. By capturing a child's behavior in their home environment, parents can provide valuable insights into their child's daily routines and interactions, which can inform diagnostic decisions.

The study emphasizes the need for further research to replicate these findings among independent samples and confirm that the Screening Observation for Risk of Autism (SORF) can be applied in a time- and cost-efficient manner to a naturalistic home setting. This would help improve ASD screening in toddlers and ensure that families have access to accurate and timely diagnostic evaluations.

Parent-captured videos are utilized by clinicians or healthcare providers as a valuable tool to support diagnosis, treatment planning, and clinical decision-making for children with Autism Spectrum Disorder (ASD). These videos can be taken by the family themselves using mobile technology such as cameras, smartphones, or tablet computers, allowing for a more naturalistic and accessible approach to screening.

The use of parent-captured videos has been explored in various contexts, including telehealth technology and mobile devices. This approach provides additional opportunities to assess risk in families when a home visit is not feasible or desired. The study suggests that video recordings can be taken by the family themselves or the child's behavior can be viewed via a live streaming video system, making it more convenient and desirable for families to participate in screening without invasive evaluations.

The outcomes associated with the use of parent-captured videos include improved diagnostic accuracy, faster assessment, and enhanced understanding of the child's behavior. The home observation provides valuable insights into the child's symptoms across various contexts, allowing for the identification of children who may require further evaluation or diagnosis of ASD.

The study involved co-design, participatory research, and stakeholder engagement processes in designing tools or workflows for capturing and using parent videos. Parents were given written and verbal instructions on how to interact with their child during everyday activities, suggesting that the researchers involved parents in the design of the home observation protocol. The use of multiple coders scoring 15% of the video-recorded home observations also indicates a participatory approach to research design.

The study's findings have significant implications for future research and clinical implementation. Further replication studies are needed to confirm the effectiveness of the SORF in predicting ASD risk in toddlers. Additionally, the study highlights the need for more research on the use of telehealth technology in ASD screening, particularly in cases where a home visit is not feasible or desired.

The study involved children aged between 18 and 24 months who were randomly selected from those undergoing a home observation and diagnostic evaluation for Autism Spectrum Disorder (ASD). The sample consisted of 228 children, with 84 diagnosed with ASD, 82 with Developmental Delay (DD), and 62 typically developing (TD) children. The TD group was smaller due to the limited number of children who did not demonstrate developmental concerns after initial screening.

The study used a home observation method, where parents were asked to complete a 1-hour home observation while interacting with their child in various everyday activities. A videographer recorded the observation without interacting with the child or providing feedback on their behavior. The observation was used to code SORF items and assess symptoms across contexts.

The study design involved using the Social Responsiveness Scale (SRS) for Children, Second Edition (SORF), which is a 22-item scale assessing social-emotional behaviors in children. The SORF was administered during the home observation, and summary scores were computed, including total score, domain scores, and number of Restricted/Repetitive Behavior (RRB) items.

The study used analysis of variance (ANOVA) and ROC curve analyses to examine group differences and psychometric performance of SORF items. The results showed that certain SORF items demonstrated good discriminative ability between ASD and TD groups, suggesting their potential as screening tools for ASD in toddlers.

Overall, the study provides valuable insights into the potential of parent-captured videos in ASD screening and highlights the need for further research to confirm its effectiveness.",Screening for autism spectrum disorder in a naturalistic home setting using the systematic observation of red flags (SORF) at 18-24months,035c91449c3430508551e16290c24fc8,
